item_number,name,progression,useful,filler
0,Potion,FALSE,,TRUE
1,High Potion,FALSE,,
2,Super Potion,FALSE,,
3,Meat Strip,FALSE,,
4,Tasty Meat,FALSE,,
5,Mind Up,FALSE,,TRUE
6,High Mind Up,FALSE,,
7,Mana Prism,FALSE,,
8,Anti-Venom,FALSE,,TRUE
9,Uncurse Potion,FALSE,,TRUE
10,Potato Pancake,FALSE,,
11,Beef Curry,FALSE,,
12,Ramen,FALSE,,
13,Cream Soda,FALSE,,
14,Cream Puff,FALSE,,
15,Milk,FALSE,,
16,Coffee,FALSE,,
17,Tea,FALSE,,
18,Pudding,FALSE,,
19,Strawberry,FALSE,,
20,Melon,FALSE,,
21,Grapes,FALSE,,
22,Persimmon,FALSE,,
23,Rotten Meat,FALSE,,TRUE
24,Spoiled Milk,FALSE,,TRUE
25,Skull Key,FALSE,,
26,Ancient Book 1,TRUE,,
27,Ancient Book 2,TRUE,,
28,Ancient Book 3,TRUE,,
29,CASTLE MAP 1,FALSE,,
30,CASTLE MAP 2,FALSE,,
31,CASTLE MAP 3,FALSE,,
32,Knife,FALSE,,
33,Baselard,FALSE,,
34,Combat Knife,FALSE,,
35,Short Sword,FALSE,,
36,Bastard Sword,FALSE,,
37,Whip Sword,FALSE,,
38,Gladius,FALSE,,
39,Gram,FALSE,,
40,Milican's Sword,FALSE,TRUE,
41,Hrunting,FALSE,TRUE,
42,Mystletain,FALSE,TRUE,
43,Rahab's Sword,FALSE,TRUE,
44,Durandal,FALSE,,
45,Laevatain,FALSE,,
46,Burtgang,FALSE,,
47,Kaladbolg,FALSE,TRUE,
48,Vjaya,FALSE,TRUE,
49,Balmung,FALSE,TRUE,
50,Broadsword,FALSE,,
51,Scimitar,FALSE,,
52,Claymore,FALSE,,
53,Great Sword,FALSE,,
54,Joyeuse,FALSE,,
55,Dainslef,FALSE,,
56,Ascalon,FALSE,TRUE,
57,Claimh Solais,FALSE,TRUE,
58,Final Sword,FALSE,TRUE,
59,Bamboo Sword,FALSE,,
60,Katana,FALSE,,
61,Osafune,FALSE,,
62,Onikiri,FALSE,,
63,Kunitsuna,FALSE,,
64,Yasutsuna,FALSE,TRUE,
65,Muramasa,FALSE,TRUE,
66,Hammer,FALSE,,
67,Warhammer,FALSE,,
68,Excalibur,FALSE,,
69,Tallhammer,FALSE,,
70,Battle Axe,FALSE,,
71,Death's Sickle,FALSE,TRUE,
72,Rapier,FALSE,,
73,Estoc,FALSE,,
74,Cutall,FALSE,,
75,Spear,FALSE,,
76,Trident,FALSE,,
77,Lance,FALSE,,
78,Partizan,FALSE,,
79,Gabolg,FALSE,,
80,Gungner,FALSE,,
81,Ronginus' Spear,FALSE,TRUE,
82,Cestus,FALSE,,
83,Kaiser Knuckle,FALSE,,
84,Mach Punch,FALSE,,
85,Whip Knuckle,FALSE,,
86,Poison Fist,FALSE,,
87,Handgun,FALSE,,
88,Silver Gun,FALSE,,
89,Positron Rifle,FALSE,TRUE,
90,Valmanway,FALSE,TRUE,
91,Casual Clothes,FALSE,,TRUE
92,Cloth Tunic,FALSE,,
93,Gym Clothes,FALSE,,
94,War Fatigues,FALSE,,
95,Ninja Suit,FALSE,,
96,Soldier Uniform,FALSE,,
97,Pitch Black Suit,FALSE,TRUE,
98,Olrox's Suit,FALSE,TRUE,
99,Dracula's Tunic,FALSE,TRUE,
100,Leather Plate,FALSE,,
101,Copper Plate,FALSE,,
102,Iron Plate,FALSE,,
103,Steel Plate,FALSE,,
104,Silver Plate,FALSE,,
105,Gold Plate,FALSE,,
106,Eversing,FALSE,TRUE,
107,Samurai Armor,FALSE,,
108,Silk Robe,FALSE,,
109,Elfin Robe,FALSE,,
110,Death's Robe,FALSE,TRUE,
111,Demon's Mail,FALSE,TRUE,
112,Armor of Fire,FALSE,,
113,Armor of Water,FALSE,,
114,Blocking Mail,FALSE,,
115,Army Jacket,FALSE,,
116,Cape,FALSE,,TRUE
117,Crimson Cloak,FALSE,,
118,Black Cloak,FALSE,,
119,Pendant,FALSE,,
120,Heart Pendant,FALSE,,
121,Scarf,FALSE,,TRUE
122,Red Scarf,FALSE,,
123,Ancient Belt,FALSE,,
124,Black Belt,FALSE,,
125,Skull Necklace,FALSE,,
126,Flame Necklace,FALSE,,
127,Satan's Ring,FALSE,,
128,Tear of Blood,FALSE,,
129,Lucky Charm,FALSE,,
130,Rare Ring,FALSE,TRUE,
131,Soul Eater Ring,FALSE,TRUE,
132,Rune Ring,FALSE,TRUE,
133,Sherman Ring,FALSE,TRUE,
134,Gold Ring,FALSE,TRUE,
135,Chaos Ring,FALSE,TRUE,
136,Winged Skeleton,FALSE,,
137,Bat,FALSE,,
138,Skeleton,FALSE,,
139,Merman,FALSE,,
140,Axe Armor,FALSE,,
141,Skull Archer,FALSE,,
142,Killer Fish,FALSE,,
143,Blue Crow,FALSE,,
144,Zombie Soldier,FALSE,,
145,Ghost,FALSE,,
146,Siren,FALSE,,
147,Tiny Devil,FALSE,,
148,Durga,FALSE,,
149,Rock Armor,FALSE,,
150,Student Witch,FALSE,,
151,Arachne,FALSE,,
152,Fleaman,FALSE,,
153,Evil Butcher,FALSE,,
154,Waiter Skeleton,FALSE,,
155,Altair,FALSE,,
156,Mudman,FALSE,,
157,Cockatrice,FALSE,,
158,Werewolf,FALSE,,
159,Harpy,FALSE,,
160,Une,FALSE,,
161,Needles,FALSE,,
162,Man-Eater,FALSE,,
163,Ukoback,FALSE,,
164,Fish Head,FALSE,,
165,Disc Armor,FALSE,,
166,Nightmare,FALSE,,
167,Slime,FALSE,,
168,Dryad,FALSE,,
169,Ripper,FALSE,,
170,Werejaguar,FALSE,,
171,Weretiger,FALSE,,
172,Biphron,FALSE,,
173,Mandragora,FALSE,,
174,Beam Skeleton,FALSE,,
175,Skull Millione,FALSE,,
176,Giant Skeleton,FALSE,,
177,Gladiator,FALSE,,
178,Demon Lord,FALSE,,
179,Flame Demon,TRUE,,
180,Lightning Doll,FALSE,,
181,Valkyrie,FALSE,,
182,Bomber Armor,FALSE,,
183,Red Minotaur,FALSE,,
184,Legion,FALSE,,
185,Balore,FALSE,,
186,Killer Doll,FALSE,,
187,Nemesis,FALSE,,
188,Killer Mantle,FALSE,,
189,Kyoma Demon,FALSE,,
190,Chronomage,TRUE,,
191,Cagnazzo,FALSE,,
192,Flying Armor,TRUE,,
193,Giant Bat,TRUE,,
194,Black Panther,TRUE,,
195,Buer,FALSE,,
196,Witch,FALSE,,
197,Giant Ghost,FALSE,,
198,Final Guard,FALSE,,
199,Great Armor,FALSE,,
200,Catoblepas,FALSE,,
201,Bone Pillar,FALSE,,
202,Cagnazzo,FALSE,,
203,Big Golem,FALSE,,
204,Shadow Knight,FALSE,,
205,Creaking Skull,FALSE,,
206,Medusa Head,FALSE,,
207,Persephone,FALSE,,
208,Alura Une,FALSE,,
209,Devil,TRUE,,
210,Manticore,TRUE,,
211,Curly,TRUE,,
212,Sky Fish,FALSE,,
213,Imp,FALSE,,
214,Alastor,FALSE,,
215,Death,FALSE,,
216,Undine,TRUE,,
217,Skula,TRUE,,
218,Zombie Officer,FALSE,,
219,Iron Golem,FALSE,,
220,Dead Warrior,FALSE,,
221,Peeping Eye,FALSE,,
222,Succubus,TRUE,,
223,Flesh Golem,FALSE,,
224,Tsuchinoko,FALSE,,
225,Giant Worm,FALSE,,
226,Wooden Golem,FALSE,,
227,Zombie,FALSE,,
228,Lubicant,FALSE,,
229,Headhunter,FALSE,,
230,Basilisk,FALSE,,
231,Erinys,FALSE,,
232,Mimic,FALSE,,
233,Arc Demon,FALSE,,
234,Poison Worm,FALSE,,
235,Ectoplasm,FALSE,,
236,Gargoyle,FALSE,,
237,Skeleton Knight,FALSE,,
238,Minotaur,FALSE,,
239,Golem,FALSE,,
240,Triton,FALSE,,
241,White Dragon,FALSE,,
242,Quezlcoatl,FALSE,,
243,Gorgon,FALSE,,
244,Dead Crusader,FALSE,,
245,Red Crow,FALSE,,
246,Lilith,FALSE,,
247,Bael,FALSE,,
248,Stolas,FALSE,,
249,Ghost Dancer,FALSE,,
250,Gremlin,FALSE,,
251,Grave Keeper,TRUE,,
252,Skeleton Blaze,TRUE,,
253,Malphas,TRUE,,
254,Kicker Skeleton,TRUE,,
255,Hippogryph,TRUE,,
256,Galamoth,FALSE,,
