room_number,room_identifier,room_address
1,000,0850EF9C
2,001,0850F01C
3,002,0850F0B4
4,003,0850F15C
5,004,0850F1E4
6,005,0850F294
7,006,0850F32C
8,007,0850F3B4
9,008,0850F44C
10,009,0850F4F4
11,00A,0850F58C
12,00B,0850F60C
13,00C,0850F6DC
14,00D,0850F774
15,00E,0850F7EC
16,00F,0850F8A4
17,010,0850F944
18,011,0850F9D4
19,012,0850FA64
20,013,0850FAF4
21,014,0850FB9C
22,015,0850FC34
23,016,0850FCC4
24,017,0850FD6C
25,018,0850FDFC
26,019,0850FEEC
27,01A,0850FF84
28,01B,0851000C
29,01C,08510094
30,01D,0851011C
31,01E,085101A4
32,01F,0851021C
33,020,085102A4
34,021,0851033C
35,022,085103C4
36,023,0851048C
37,024,08510504
38,025,0851059C
39,026,08510644
40,027,085106CC
41,028,08510754
42,029,085107D4
43,02A,08510864
44,02B,08510904
45,02C,08510984
46,100,0851192C
47,101,085119E4
48,102,08511ABC
49,103,08511B84
50,104,08511C54
51,105,08511D14
52,106,08511DCC
53,107,08511E64
54,108,08511F34
55,109,08511FE4
56,10A,085120BC
57,10B,0851217C
58,10C,085121FC
59,10D,08512284
60,10E,085122FC
61,10F,085123AC
62,110,08512484
63,200,08512BE4
64,201,08512C8C
65,202,08512D24
66,203,08512DBC
67,204,08512E54
68,205,08512EDC
69,206,08512F84
70,207,0851301C
71,208,085130A4
72,209,0851312C
73,20A,085131D4
74,20B,0851325C
75,20C,085132D4
76,20D,0851335C
77,20E,08513414
78,20F,085134AC
79,210,08513564
80,211,085135EC
81,212,08513684
82,213,0851371C
83,214,085137C4
84,215,0851384C
85,300,08513F98
86,301,08514020
87,302,085140C0
88,303,08514160
89,304,08514200
90,305,085142A8
91,306,08514370
92,307,08514438
93,308,085144D0
94,309,08514568
95,30A,085145F0
96,30B,08514680
97,30C,08514720
98,30D,085147D0
99,30E,08514860
100,30F,085148F8
101,310,08514988
102,311,08514A08
103,312,08514AB0
104,313,08514B48
105,314,08514BF8
106,315,08514C70
107,316,08514CE8
108,317,08514D70
109,318,08514E28
110,319,08514EF8
111,31A,08514F98
112,31B,08515038
113,31C,085150C8
114,400,08515AF0
115,401,08515B90
116,402,08515C30
117,403,08515CD0
118,404,08515DB0
119,405,08515E58
120,406,08515EF0
121,407,08515F88
122,408,08516040
123,409,085160D8
124,40A,08516168
125,40B,08516200
126,40C,08516288
127,40D,08516320
128,40E,085163E0
129,40F,08516468
130,410,08516510
131,411,085165C0
132,412,08516648
133,413,085166F0
134,414,08516768
135,415,085167E8
136,500,085172B8
137,501,08517380
138,502,08517448
139,503,08517510
140,504,085175A8
141,505,08517660
142,506,085176F8
143,507,08517790
144,508,08517828
145,509,085178C0
146,50A,08517958
147,50B,085179D0
148,50C,08517A48
149,50D,08517AE0
150,50E,08517B70
151,600,08518400
152,601,08518490
153,602,08518520
154,603,085185B0
155,604,08518658
156,605,08518710
157,606,085187A0
158,607,08518838
159,608,085188F0
160,609,08518988
161,60A,08518A30
162,60B,08518AC8
163,60C,08518B70
164,60D,08518C18
165,60E,08518CB0
166,60F,08518D28
167,610,08518DA8
168,611,08518E38
169,612,08518ED0
170,613,08518F78
171,614,08519030
172,615,085190C8
173,616,08519160
174,617,085191F8
175,618,08519290
176,619,08519328
177,61A,085193D0
178,61B,08519460
179,61C,08519508
180,61D,085195C0
181,61E,08519668
182,61F,085196E0
183,620,08519770
184,621,08519818
185,622,085198A0
186,700,0851A584
187,701,0851A624
188,702,0851A6A4
189,703,0851A724
190,704,0851A7EC
191,705,0851A88C
192,706,0851A934
193,707,0851A9EC
194,708,0851AA94
195,709,0851AB3C
196,70A,0851AC14
197,70B,0851AD0C
198,70C,0851ADD4
199,70D,0851AE84
200,70E,0851AF14
201,70F,0851AFBC
202,710,0851B05C
203,711,0851B0FC
204,712,0851B19C
205,713,0851B294
206,714,0851B34C
207,715,0851B3F4
208,716,0851B494
209,717,0851B524
210,718,0851B5DC
211,719,0851B68C
212,71A,0851B754
213,71B,0851B81C
214,71C,0851B8D4
215,71D,0851B9CC
216,71E,0851BA94
217,71F,0851BB4C
218,720,0851BC04
219,721,0851BD0C
220,722,0851BD9C
221,723,0851BE6C
222,724,0851BF1C
223,725,0851BFD4
224,726,0851C05C
225,727,0851C0D4
226,728,0851C154
227,729,0851C1CC
228,72A,0851C26C
229,72B,0851C32C
230,72C,0851C3F4
231,72D,0851C4CC
232,72E,0851C584
233,72F,0851C63C
234,730,0851C6B4
235,731,0851C77C
236,732,0851C7FC
237,733,0851C89C
238,734,0851C94C
239,735,0851CA1C
240,736,0851CABC
241,737,0851CB6C
242,800,0851E490
243,801,0851E528
244,802,0851E5E0
245,803,0851E688
246,804,0851E730
247,805,0851E7F8
248,806,0851E880
249,807,0851E918
250,808,0851E9A0
251,809,0851EA38
252,80A,0851EAD0
253,80B,0851EB68
254,80C,0851EC00
255,80D,0851ECB8
256,80E,0851ED60
257,80F,0851EDE8
258,810,0851EE70
259,811,0851EEF8
260,812,0851EF80
261,813,0851F018
262,814,0851F0B0
263,815,0851F128
264,816,0851F1A8
265,900,0851FAF0
266,901,0851FB98
267,902,0851FC28
268,903,0851FCD8
269,904,0851FD70
270,905,0851FE20
271,906,0851FEC0
272,907,0851FF60
273,908,08520000
274,909,085200B0
275,90A,08520160
276,90B,08520240
277,90C,08520320
278,90D,085203E0
279,90E,08520490
280,90F,08520540
281,910,085205E0
282,911,08520680
283,912,08520740
284,913,08520810
285,914,085208A0
286,915,08520940
287,916,085209B8
288,917,08520A80
289,918,08520B08
290,919,08520B88
291,A00,08521478
292,A01,08521510
293,A02,085215B8
294,A03,08521650
295,A04,085216D8
296,A05,08521780
297,A06,08521808
298,A07,08521890
299,A08,08521928
300,A09,085219C0
301,A0A,08521A58
302,A0B,08521AF0
303,B00,08521EAC
304,B01,08521F24
305,B02,08521FBC
306,B03,0852205C
307,B04,08522104
308,B05,085221C4
309,B06,0852225C
310,B07,085222F4
311,B08,0852238C
312,B09,0852241C
313,B0A,085224B4
314,B0B,0852253C
315,B0C,085225E4
316,B0D,0852269C
317,B0E,08522764
318,B0F,08522814
319,B10,08522894
320,B11,0852292C
321,B12,085229A4
322,B13,08522A3C
323,B14,08522ABC
324,B15,08522B6C
325,B16,08522BDC
326,B17,08522C54
327,B18,08522CDC
328,B19,08522D64
329,B1A,08522E2C
330,B1B,08522ED4
331,B1C,08522F64
332,B1D,08522FEC
333,B1E,08523064
334,B1F,0852315C
335,B20,0852320C
336,B21,0852328C
337,B22,0852330C
338,B23,0852338C
339,B24,08523424
340,B25,085234BC
341,B26,08523554
342,B27,085235D4
343,B28,0852362C
,,