pickup_number,ptr_address,simple_name,specifier,flag_offset (varA),item_offset (varB),type_num,type_name,subtype_num
1,0x85109d8,Lucky Charm,,71,38,4,PICKUP,4
2,0x8510aec,Vjaya,,33,16,4,PICKUP,3
3,0x8510af8,Cestus,,46,50,4,PICKUP,3
4,0x8510bf4,Short Sword,,17,3,4,PICKUP,3
5,0x8510c0c,Cape,,64,25,4,PICKUP,4
6,0x8510c18,Grave Keeper,,1,1,4,PICKUP,8
7,0x8510dd4,Lance,,18,45,4,PICKUP,3
8,0x8510ed0,Mind Up,_a,95,5,4,PICKUP,2
9,0x8510f60,Potion,_a,90,0,4,PICKUP,2
10,0x8510fa8,Potion,_b,92,0,4,PICKUP,2
11,0x8511038,Leather Plate,,50,9,4,PICKUP,4
12,0x8511140,Flying Armor,,2,1,4,PICKUP,6
13,0x85114c4,Yasutsuna,,39,32,4,PICKUP,3
14,0x8511560,Castle Map 1,,81,29,4,PICKUP,2
15,0x8511614,Armor of Fire,,62,21,4,PICKUP,4
16,0x8511638,Potion,_c,93,0,4,PICKUP,2
17,0x8511710,Copper Plate,,51,10,4,PICKUP,4
18,0x8511734,Scarf,,68,30,4,PICKUP,4
19,0x8511764,500,_a,157,4,4,PICKUP,1
20,0x8511878,Potion,_d,94,0,4,PICKUP,2
21,0x8512508,Anti-Venom,,131,8,4,PICKUP,2
22,0x85125c8,High Mind Up,_a,105,6,4,PICKUP,2
23,0x85125d4,100,_a,141,3,4,PICKUP,1
24,0x8512604,Bamboo Sword,,37,27,4,PICKUP,3
25,0x8512610,High Potion,_a,100,1,4,PICKUP,2
26,0x8512664,Mind Up,_b,96,5,4,PICKUP,2
27,0x8512718,100,_b,143,3,4,PICKUP,1
28,0x851279c,Tallhammer,,42,37,4,PICKUP,3
29,0x85128ec,Rapier,,20,40,4,PICKUP,3
30,0x8512934,1000,_a,140,5,4,PICKUP,1
31,0x85129c4,100,_c,142,3,4,PICKUP,1
32,0x8512a00,Silk Robe,,58,17,4,PICKUP,4
33,0x8513870,Melon,,133,20,4,PICKUP,2
34,0x851387c,Kaiser Knuckle,,47,51,5,HARD_PICKUP,3
35,0x85138f4,100,_d,144,3,4,PICKUP,1
36,0x851390c,Uncurse Potion,,132,9,4,PICKUP,2
37,0x8513aec,Malphas,,3,3,4,PICKUP,8
38,0x8513bdc,Hammer,,41,34,4,PICKUP,3
39,0x8513bf4,Heart Pendant,,67,29,4,PICKUP,4
40,0x8513c54,Broadsword,,19,18,4,PICKUP,3
41,0x8513c6c,Whip Sword,,22,5,4,PICKUP,3
42,0x8513d08,Ancient Book 1,,78,26,4,PICKUP,2
43,0x8513df8,100,_e,145,3,4,PICKUP,1
44,0x8513eb8,Bastard Sword,,23,4,4,PICKUP,3
45,0x8515158,Samurai Armor,,57,16,4,PICKUP,4
46,0x85151a0,100,_f,146,3,4,PICKUP,1
47,0x85152a8,Cutall,,21,42,4,PICKUP,3
48,0x85153ec,Mana Prism,_a,115,7,4,PICKUP,2
49,0x85154a0,High Potion,_b,101,1,4,PICKUP,2
50,0x8515548,Skeleton Blaze,,4,2,4,PICKUP,8
51,0x85155cc,100,_g,147,3,4,PICKUP,1
52,0x851577c,Sherman Ring,,74,42,4,PICKUP,4
53,0x8516824,Dainslef,,34,23,4,PICKUP,3
54,0x8516830,Ancient Book 2,,79,27,4,PICKUP,2
55,0x8516968,High Mind Up,_b,106,6,4,PICKUP,2
56,0x8516ab8,High Potion,_c,102,1,4,PICKUP,2
57,0x8516c98,Ninja Suit,,52,4,4,PICKUP,4
58,0x8516d04,Hrunting,,26,9,4,PICKUP,3
59,0x8516d10,Undine,,6,1,4,PICKUP,7
60,0x8517148,Mind Up,_c,97,5,4,PICKUP,2
61,0x8517d8c,Castle Map 3,,82,31,4,PICKUP,2
62,0x8517e28,1000,_b,155,5,4,PICKUP,1
63,0x8517f18,1000,_c,156,5,4,PICKUP,1
64,0x8518170,500,_b,152,4,4,PICKUP,1
65,0x8518230,500,_c,153,4,4,PICKUP,1
66,0x85182fc,500,_d,154,4,4,PICKUP,1
67,0x85199cc,Pitch Black Suit,,53,6,4,PICKUP,4
68,0x8519ca8,Burtgang,,31,14,4,PICKUP,3
69,0x8519f78,Skula,,7,2,4,PICKUP,7
70,0x8519ff0,Death's Sickle,,43,39,5,HARD_PICKUP,3
71,0x851a0f8,2000,_a,151,6,4,PICKUP,1
72,0x851a1dc,Death's Robe,,60,19,5,HARD_PICKUP,4
73,0x851a3c8,Mystletain,,30,10,4,PICKUP,3
74,0x851cbf0,Pendant,,66,28,4,PICKUP,4
75,0x851cd34,Tasty Meat,,130,4,4,PICKUP,2
76,0x851cd58,Elfin Robe,,59,18,4,PICKUP,4
77,0x851ce00,Rahab's Sword,,27,11,4,PICKUP,3
78,0x851d010,High Mind Up,_c,107,6,4,PICKUP,2
79,0x851d04c,Spoiled Milk,,134,18,4,PICKUP,2
80,0x851d1e4,Mana Prism,_b,118,7,4,PICKUP,2
81,0x851d328,Super Potion,_a,111,2,4,PICKUP,2
82,0x851d400,Super Potion,_b,110,2,4,PICKUP,2
83,0x851d568,Milican's Sword,,25,8,4,PICKUP,3
84,0x851d7fc,Armor of Water,,61,22,4,PICKUP,4
85,0x851d820,Galamoth,,9,6,4,PICKUP,8
86,0x851d8e0,Ronginus' Spear,,45,49,4,PICKUP,3
87,0x851d97c,1000,_d,148,5,4,PICKUP,1
88,0x851d994,Handgun,,48,55,4,PICKUP,3
89,0x851da78,Ancient Book 3,,80,28,4,PICKUP,2
90,0x851dacc,2000,_b,149,6,4,PICKUP,1
91,0x851dc28,Rune Ring,,73,41,4,PICKUP,4
92,0x851dc70,Osafune,,38,29,4,PICKUP,3
93,0x851dce8,Super Potion,_c,113,2,4,PICKUP,2
94,0x851dd24,Eversing,,56,15,4,PICKUP,4
95,0x851dd78,2000,_c,150,6,4,PICKUP,1
96,0x851e258,High Potion,_d,104,1,4,PICKUP,2
97,0x851e324,Gold Ring,,75,43,4,PICKUP,4
98,0x851f1cc,Giant Bat,,8,2,4,PICKUP,6
99,0x851f280,Laevatain,,29,13,4,PICKUP,3
100,0x851f5f8,Black Cloak,,65,27,4,PICKUP,4
101,0x851f8b0,Olrox's Suit,,54,7,4,PICKUP,4
102,0x851f8d4,Silver Handgun,,49,56,5,HARD_PICKUP,3
103,0x851f8e0,Balmung,,24,17,4,PICKUP,3
104,0x851f904,Rare Ring,,72,39,4,PICKUP,4
105,0x851f940,High Potion,_e,103,1,4,PICKUP,2
106,0x8520bac,Dracula's Tunic,,55,8,4,PICKUP,4
107,0x8520bb8,Black Panther,,10,3,4,PICKUP,6
108,0x8520bd0,Mana Prism,_c,116,7,4,PICKUP,2
109,0x8520c18,Tear of Blood,,70,37,5,HARD_PICKUP,4
110,0x8520c30,Gungner,,44,48,4,PICKUP,3
111,0x8520d68,Hippogryph,,5,5,4,PICKUP,8
112,0x8520e04,Satan's Ring,,69,36,4,PICKUP,4
113,0x85211e8,Mana Prism,_d,117,7,4,PICKUP,2
114,0x852135c,Super Potion,_d,112,2,4,PICKUP,2
115,0x8521380,Kaladbolg,,32,15,4,PICKUP,3
116,0x8521c58,Claimh Solais,,35,25,4,PICKUP,3
117,0x8521d00,Joyeuse,,36,22,4,PICKUP,3
118,0x8523cbc,Super Potion,_e,114,2,4,PICKUP,2
119,0x8523d94,High Mind Up,_d,108,6,4,PICKUP,2
120,0x8523db8,Mana Prism,_e,119,7,4,PICKUP,2
