door_number,door_identifier,room_identifier,dest_room_identifier,door_address,room_index,room_address,door_index_within_room,dest_room_address,x_pos_door,y_pos_door,dest_x_door,dest_y_door,dest_x_offset_door,dest_y_offset_door
1,000:003,000,003,0850EF8C,0,0850EF9C,0,0850F15C,2,2,0,0,0,65488
2,001:002,001,002,0850F00C,1,0850F01C,0,0850F0B4,1,0,0,768,0,0
3,002:001,002,001,0850F094,2,0850F0B4,0,0850F01C,255,3,0,0,0,65488
4,002:003,002,003,0850F0A4,2,0850F0B4,1,0850F15C,0,4,256,0,0,65488
5,003:000,003,000,0850F12C,3,0850F15C,0,0850EF9C,255,0,272,512,0,0
6,003:002,003,002,0850F13C,3,0850F15C,1,0850F0B4,1,255,0,768,0,48
7,003:005,003,005,0850F14C,3,0850F15C,2,0850F294,5,0,0,0,0,0
8,004:700,004,700,0850F1C4,4,0850F1E4,0,0851A584,255,0,0,0,0,0
9,004:005,004,005,0850F1D4,4,0850F1E4,1,0850F294,1,0,0,256,0,0
10,005:003,005,003,0850F254,5,0850F294,0,0850F15C,255,0,1040,0,0,65488
11,005:006,005,006,0850F264,5,0850F294,1,0850F32C,2,0,0,0,0,65488
12,005:004,005,004,0850F274,5,0850F294,2,0850F1E4,255,1,0,0,0,65488
13,005:024,005,024,0850F284,5,0850F294,3,08510504,2,1,0,0,0,65488
14,006:005,006,005,0850F30C,6,0850F32C,0,0850F294,255,0,272,0,0,0
15,006:009,006,009,0850F31C,6,0850F32C,1,0850F4F4,3,0,0,1280,0,0
16,007:30E,007,30E,0850F394,7,0850F3B4,0,08514860,255,0,528,0,0,65488
17,007:008,007,008,0850F3A4,7,0850F3B4,1,0850F44C,1,0,0,0,0,65488
18,008:007,008,007,0850F42C,8,0850F44C,0,0850F3B4,255,0,0,0,0,65488
19,008:009,008,009,0850F43C,8,0850F44C,1,0850F4F4,0,1,272,0,0,0
20,009:008,009,008,0850F4C4,9,0850F4F4,0,0850F44C,1,255,0,0,65520,0
21,009:006,009,006,0850F4D4,9,0850F4F4,1,0850F32C,255,5,528,0,0,65488
22,009:00A,009,00A,0850F4E4,9,0850F4F4,2,0850F58C,2,5,0,0,0,65488
23,00A:009,00A,009,0850F56C,10,0850F58C,0,0850F4F4,255,0,272,1280,0,0
24,00A:023,00A,023,0850F57C,10,0850F58C,1,0851048C,2,0,0,0,0,0
25,00B:023,00B,023,0850F5FC,11,0850F60C,0,0851048C,1,0,0,256,0,0
26,00C:00D,00C,00D,0850F6BC,12,0850F6DC,0,0850F774,1,0,0,0,0,65488
27,00C:023,00C,023,0850F6CC,12,0850F6DC,1,0851048C,0,5,0,0,0,0
28,00D:00C,00D,00C,0850F754,13,0850F774,0,0850F6DC,255,0,0,0,0,0
29,00D:00F,00D,00F,0850F764,13,0850F774,1,0850F8A4,1,0,0,256,0,0
30,00E:023,00E,023,0850F7DC,14,0850F7EC,0,0851048C,255,0,0,0,0,0
31,00F:021,00F,021,0850F864,15,0850F8A4,0,0851033C,0,255,0,0,65520,0
32,00F:025,00F,025,0850F874,15,0850F8A4,1,0851059C,3,0,0,0,0,65488
33,00F:00D,00F,00D,0850F884,15,0850F8A4,2,0850F774,255,1,0,0,0,65488
34,00F:012,00F,012,0850F894,15,0850F8A4,3,0850FA64,3,1,0,0,0,65488
35,010:023,010,023,0850F914,16,0850F944,0,0851048C,255,0,0,256,0,0
36,010:011,010,011,0850F924,16,0850F944,1,0850F9D4,3,255,0,256,65520,48
37,010:01C,010,01C,0850F934,16,0850F944,2,08510094,5,0,0,0,0,65488
38,011:013,011,013,0850F9B4,17,0850F9D4,0,0850FAF4,1,0,0,0,0,65488
39,011:010,011,010,0850F9C4,17,0850F9D4,1,0850F944,0,2,784,0,0,65488
40,012:00F,012,00F,0850FA44,18,0850FA64,0,0850F8A4,255,0,528,256,0,0
41,012:014,012,014,0850FA54,18,0850FA64,1,0850FB9C,7,0,0,512,0,0
42,013:011,013,011,0850FAD4,19,0850FAF4,0,0850F9D4,255,0,0,0,0,0
43,013:01B,013,01B,0850FAE4,19,0850FAF4,1,0851000C,1,0,0,0,0,65488
44,014:015,014,015,0850FB6C,20,0850FB9C,0,0850FC34,1,255,0,0,65520,0
45,014:012,014,012,0850FB7C,20,0850FB9C,1,0850FA64,255,2,1552,0,0,65488
46,014:016,014,016,0850FB8C,20,0850FB9C,2,0850FCC4,2,2,0,0,0,65488
47,015:01D,015,01D,0850FC14,21,0850FC34,0,0851011C,255,0,0,0,0,65488
48,015:014,015,014,0850FC24,21,0850FC34,1,0850FB9C,0,1,272,0,0,0
49,016:014,016,014,0850FCA4,22,0850FCC4,0,0850FB9C,255,0,272,512,0,0
50,016:017,016,017,0850FCB4,22,0850FCC4,1,0850FD6C,5,0,0,256,0,0
51,017:01E,017,01E,0850FD3C,23,0850FD6C,0,085101A4,1,0,0,0,0,65488
52,017:016,017,016,0850FD4C,23,0850FD6C,1,0850FCC4,255,1,1040,0,0,65488
53,017:018,017,018,0850FD5C,23,0850FD6C,2,0850FDFC,1,1,0,0,0,65488
54,018:017,018,017,0850FDDC,24,0850FDFC,0,0850FD6C,255,0,0,256,0,0
55,018:019,018,019,0850FDEC,24,0850FDFC,1,0850FEEC,3,0,0,0,0,0
56,019:018,019,018,0850FEAC,25,0850FEEC,0,0850FDFC,255,0,528,0,0,65488
57,019:01F,019,01F,0850FEBC,25,0850FEEC,1,0851021C,1,0,0,0,0,65488
58,019:02B,019,02B,0850FECC,25,0850FEEC,2,08510904,255,1,272,0,0,0
59,019:01A,019,01A,0850FEDC,25,0850FEEC,3,0850FF84,1,1,0,0,0,65488
60,01A:019,01A,019,0850FF64,26,0850FF84,0,0850FEEC,255,0,0,256,0,0
61,01A:020,01A,020,0850FF74,26,0850FF84,1,085102A4,2,0,0,0,0,65488
62,01B:013,01B,013,0850FFEC,27,0851000C,0,0850FAF4,255,0,0,0,0,65488
63,01B:501,01B,501,0850FFFC,27,0851000C,1,08517380,1,0,0,256,0,0
64,01C:010,01C,010,08510074,28,08510094,0,0850F944,255,0,1040,0,0,65488
65,01C:711,01C,711,08510084,28,08510094,1,0851B0FC,1,0,0,0,0,0
66,01D:90A,01D,90A,085100FC,29,0851011C,0,08520160,255,0,272,0,0,65488
67,01D:015,01D,015,0851010C,29,0851011C,1,0850FC34,1,0,0,0,0,65488
68,01E:017,01E,017,08510184,30,085101A4,0,0850FD6C,255,0,0,0,0,0
69,01E:621,01E,621,08510194,30,085101A4,1,08519818,1,0,0,0,0,65488
70,01F:019,01F,019,0851020C,31,0851021C,0,0850FEEC,255,0,0,0,0,0
71,020:01A,020,01A,08510284,32,085102A4,0,0850FF84,255,0,272,0,0,65488
72,020:104,020,104,08510294,32,085102A4,1,08511C54,1,0,0,0,0,65488
73,021:022,021,022,0851031C,33,0851033C,0,085103C4,1,0,0,0,0,65488
74,021:00F,021,00F,0851032C,33,0851033C,1,0850F8A4,0,1,16,0,0,0
75,022:021,022,021,085103A4,34,085103C4,0,0851033C,255,0,0,0,0,65488
76,022:410,022,410,085103B4,34,085103C4,1,08516510,1,0,0,0,0,65488
77,023:00C,023,00C,0851043C,35,0851048C,0,0850F6DC,0,255,0,1024,0,48
78,023:00A,023,00A,0851044C,35,0851048C,1,0850F58C,255,0,272,0,0,65488
79,023:00E,023,00E,0851045C,35,0851048C,2,0850F7EC,1,0,0,0,0,65488
80,023:00B,023,00B,0851046C,35,0851048C,3,0850F60C,255,1,0,0,0,65488
81,023:010,023,010,0851047C,35,0851048C,4,0850F944,1,1,0,0,0,65488
82,024:005,024,005,085104F4,36,08510504,0,0850F294,255,0,272,256,0,0
83,025:00F,025,00F,0851057C,37,0851059C,0,0850F8A4,255,0,528,0,0,0
84,025:026,025,026,0851058C,37,0851059C,1,08510644,3,0,0,256,0,0
85,026:027,026,027,08510614,38,08510644,0,085106CC,3,0,0,0,0,65488
86,026:025,026,025,08510624,38,08510644,1,0851059C,255,1,528,0,0,65488
87,026:028,026,028,08510634,38,08510644,2,08510754,3,1,0,0,0,65488
88,027:026,027,026,085106BC,39,085106CC,0,08510644,255,0,528,0,0,0
89,028:026,028,026,08510744,40,08510754,0,08510644,255,0,528,256,0,0
90,029:02A,029,02A,085107C4,41,085107D4,0,08510864,1,0,0,0,0,65488
91,02A:029,02A,029,08510844,42,08510864,0,085107D4,255,0,0,0,0,65488
92,02A:02B,02A,02B,08510854,42,08510864,1,08510904,3,0,0,256,0,0
93,02B:019,02B,019,085108D4,43,08510904,0,0850FEEC,2,0,0,256,0,0
94,02B:02A,02B,02A,085108E4,43,08510904,1,08510864,255,1,528,0,0,65488
95,02B:02C,02B,02C,085108F4,43,08510904,2,08510984,2,1,0,0,0,65488
96,02C:02B,02C,02B,08510974,44,08510984,0,08510904,255,0,272,256,0,0
97,100:10F,100,10F,085118FC,45,0851192C,0,085123AC,255,0,0,256,0,0
98,100:102,100,102,0851190C,45,0851192C,1,08511ABC,1,0,0,0,0,65488
99,100:10D,100,10D,0851191C,45,0851192C,2,08512284,1,1,0,0,0,65488
100,101:105,101,105,085119D4,46,085119E4,0,08511D14,1,0,0,256,0,0
101,102:100,102,100,08511A9C,47,08511ABC,0,0851192C,255,0,0,0,0,0
102,102:106,102,106,08511AAC,47,08511ABC,1,08511DCC,3,0,0,768,0,0
103,103:104,103,104,08511B64,48,08511B84,0,08511C54,1,4,256,0,0,65488
104,103:104,103,104,08511B74,48,08511B84,1,08511C54,2,4,512,0,0,65488
105,104:020,104,020,08511C14,49,08511C54,0,085102A4,255,0,0,0,0,65488
106,104:103,104,103,08511C24,49,08511C54,1,08511B84,1,255,256,768,0,48
107,104:103,104,103,08511C34,49,08511C54,2,08511B84,2,255,512,768,0,48
108,104:108,104,108,08511C44,49,08511C54,3,08511F34,4,0,0,0,0,0
109,105:10C,105,10C,08511CD4,50,08511D14,0,085121FC,255,0,0,0,0,65488
110,105:101,105,101,08511CE4,50,08511D14,1,085119E4,255,1,0,0,0,65488
111,105:110,105,110,08511CF4,50,08511D14,2,08512484,255,2,272,0,0,65488
112,105:106,105,106,08511D04,50,08511D14,3,08511DCC,2,2,0,512,0,0
113,106:105,106,105,08511D8C,51,08511DCC,0,08511D14,255,2,272,512,0,0
114,106:109,106,109,08511D9C,51,08511DCC,1,08511FE4,2,2,0,0,0,65488
115,106:102,106,102,08511DAC,51,08511DCC,2,08511ABC,255,3,528,0,0,65488
116,106:10A,106,10A,08511DBC,51,08511DCC,3,085120BC,2,3,0,0,0,65488
117,107:108,107,108,08511E54,52,08511E64,0,08511F34,1,2,256,0,0,0
118,108:104,108,104,08511EF4,53,08511F34,0,08511C54,255,0,784,0,0,65488
119,108:107,108,107,08511F04,53,08511F34,1,08511E64,1,255,256,256,0,48
120,108:109,108,109,08511F14,53,08511F34,2,08511FE4,0,3,0,0,65520,65488
121,108:10B,108,10B,08511F24,53,08511F34,3,0851217C,2,3,0,0,65520,0
122,109:108,109,108,08511FC4,54,08511FE4,0,08511F34,0,255,16,512,0,48
123,109:106,109,106,08511FD4,54,08511FE4,1,08511DCC,255,0,272,512,0,0
124,10A:106,10A,106,0851209C,55,085120BC,0,08511DCC,255,0,272,768,0,0
125,10A:10B,10A,10B,085120AC,55,085120BC,1,0851217C,2,0,0,256,0,0
126,10B:108,10B,108,0851214C,56,0851217C,0,08511F34,0,255,528,512,0,48
127,10B:10E,10B,10E,0851215C,56,0851217C,1,085122FC,255,0,0,0,0,65488
128,10B:10A,10B,10A,0851216C,56,0851217C,2,085120BC,255,1,272,0,0,65488
129,10C:105,10C,105,085121EC,57,085121FC,0,08511D14,1,0,0,0,0,0
130,10D:100,10D,100,08512264,58,08512284,0,0851192C,255,0,0,256,0,0
131,10D:206,10D,206,08512274,58,08512284,1,08512F84,1,0,0,0,0,0
132,10E:10B,10E,10B,085122EC,59,085122FC,0,0851217C,1,0,0,0,0,0
133,10F:110,10F,110,0851238C,60,085123AC,0,08512484,1,0,0,0,0,65488
134,10F:100,10F,100,0851239C,60,085123AC,1,0851192C,1,1,0,0,0,0
135,110:10F,110,10F,08512464,61,08512484,0,085123AC,255,0,0,0,0,0
136,110:105,110,105,08512474,61,08512484,1,08511D14,2,0,0,512,0,0
137,200:201,200,201,08512BD4,62,08512BE4,0,08512C8C,1,0,0,0,0,0
138,201:200,201,200,08512C5C,63,08512C8C,0,08512BE4,255,0,0,0,0,65488
139,201:20E,201,20E,08512C6C,63,08512C8C,1,08513414,0,2,0,0,0,0
140,201:203,201,203,08512C7C,63,08512C8C,2,08512DBC,2,1,0,0,0,65488
141,202:206,202,206,08512D04,64,08512D24,0,08512F84,1,255,0,256,65520,48
142,202:20A,202,20A,08512D14,64,08512D24,1,085131D4,5,0,0,0,0,0
143,203:201,203,201,08512D9C,65,08512DBC,0,08512C8C,255,0,272,256,0,0
144,203:20A,203,20A,08512DAC,65,08512DBC,1,085131D4,5,0,0,256,0,0
145,204:20E,204,20E,08512E34,66,08512E54,0,08513414,255,0,272,0,0,0
146,204:207,204,207,08512E44,66,08512E54,1,0851301C,1,0,0,0,0,65488
147,205:20F,205,20F,08512ECC,67,08512EDC,0,085134AC,1,0,0,0,0,65488
148,206:10D,206,10D,08512F54,68,08512F84,0,08512284,255,0,0,0,0,65488
149,206:213,206,213,08512F64,68,08512F84,1,0851371C,1,0,0,0,0,65488
150,206:202,206,202,08512F74,68,08512F84,2,08512D24,0,2,272,0,0,65488
151,207:204,207,204,08512FFC,69,0851301C,0,08512E54,255,0,0,0,0,65488
152,207:210,207,210,0851300C,69,0851301C,1,08513564,2,0,0,0,0,0
153,208:214,208,214,08513094,70,085130A4,0,085137C4,255,0,0,0,0,0
154,209:20A,209,20A,0851311C,71,0851312C,0,085131D4,1,1,256,0,0,0
155,20A:202,20A,202,085131A4,72,085131D4,0,08512D24,255,0,1040,0,0,65488
156,20A:209,20A,209,085131B4,72,085131D4,1,0851312C,1,255,256,0,0,0
157,20A:203,20A,203,085131C4,72,085131D4,2,08512DBC,255,1,1040,0,0,65488
158,20B:212,20B,212,0851324C,73,0851325C,0,08513684,255,1,0,0,0,65488
159,20C:20E,20C,20E,085132C4,74,085132D4,0,08513414,1,0,0,0,0,0
160,20D:A01,20D,A01,0851333C,75,0851335C,0,08521510,255,0,0,0,0,65488
161,20D:20E,20D,20E,0851334C,75,0851335C,1,08513414,1,0,0,256,0,0
162,20E:201,20E,201,085133D4,76,08513414,0,08512C8C,0,255,0,256,0,48
163,20E:20C,20E,20C,085133E4,76,08513414,1,085132D4,255,0,0,0,0,65488
164,20E:204,20E,204,085133F4,76,08513414,2,08512E54,2,0,0,0,0,65488
165,20E:20D,20E,20D,08513404,76,08513414,3,0851335C,255,1,0,0,0,65488
166,20F:205,20F,205,0851348C,77,085134AC,0,08512EDC,255,0,0,0,0,65488
167,20F:210,20F,210,0851349C,77,085134AC,1,08513564,2,0,0,256,0,0
168,210:207,210,207,08513524,78,08513564,0,0851301C,255,0,272,0,0,65488
169,210:211,210,211,08513534,78,08513564,1,085135EC,1,0,0,0,0,65488
170,210:20F,210,20F,08513544,78,08513564,2,085134AC,255,1,272,0,0,65488
171,210:212,210,212,08513554,78,08513564,3,08513684,1,1,0,0,0,65488
172,211:210,211,210,085135DC,79,085135EC,0,08513564,255,0,0,0,0,0
173,212:210,212,210,08513664,80,08513684,0,08513564,255,0,0,256,0,0
174,212:20B,212,20B,08513674,80,08513684,1,0851325C,1,0,0,256,0,0
175,213:206,213,206,085136FC,81,0851371C,0,08512F84,255,0,0,0,0,0
176,213:214,213,214,0851370C,81,0851371C,1,085137C4,2,0,0,0,0,0
177,214:213,214,213,08513794,82,085137C4,0,0851371C,255,0,272,0,0,65488
178,214:208,214,208,085137A4,82,085137C4,1,085130A4,1,0,0,0,0,65488
179,214:215,214,215,085137B4,82,085137C4,2,0851384C,255,1,272,0,0,65488
180,215:214,215,214,0851383C,83,0851384C,0,085137C4,2,0,0,256,0,0
181,300:302,300,302,08513F78,84,08513F98,0,085140C0,1,0,0,0,0,65488
182,300:311,300,311,08513F88,84,08513F98,1,08514A08,1,1,0,0,0,65488
183,301:305,301,305,08514010,85,08514020,0,085142A8,1,0,0,0,0,65488
184,302:300,302,300,085140A0,86,085140C0,0,08513F98,255,0,0,0,0,0
185,302:318,302,318,085140B0,86,085140C0,1,08514E28,1,0,0,0,0,0
186,303:307,303,307,08514150,87,08514160,0,08514438,1,0,0,256,0,0
187,304:305,304,305,085141E0,88,08514200,0,085142A8,0,1,0,0,65520,65488
188,304:307,304,307,085141F0,88,08514200,1,08514438,2,255,256,256,0,48
189,305:304,305,304,08514278,89,085142A8,0,08514200,0,255,16,0,0,0
190,305:301,305,301,08514288,89,085142A8,1,08514020,255,0,0,0,0,65488
191,305:312,305,312,08514298,89,085142A8,2,08514AB0,1,0,0,0,0,65488
192,306:318,306,318,08514320,90,08514370,0,08514E28,255,0,0,0,0,0
193,306:319,306,319,08514330,90,08514370,1,08514EF8,2,0,0,0,0,0
194,306:318,306,318,08514340,90,08514370,2,08514E28,255,1,0,256,0,0
195,306:308,306,308,08514350,90,08514370,3,085144D0,0,2,0,0,65520,0
196,306:319,306,319,08514360,90,08514370,4,08514EF8,2,1,0,256,0,0
197,307:303,307,303,08514408,91,08514438,0,08514160,255,1,0,0,0,65488
198,307:30C,307,30C,08514418,91,08514438,1,08514720,2,1,0,0,0,65488
199,307:304,307,304,08514428,91,08514438,2,08514200,1,2,512,0,0,65488
200,308:306,308,306,085144A0,92,085144D0,0,08514370,0,255,16,256,0,48
201,308:30B,308,30B,085144B0,92,085144D0,1,08514680,1,0,0,0,0,65488
202,308:309,308,309,085144C0,92,085144D0,2,08514568,0,2,16,0,0,65488
203,309:308,309,308,08514548,93,08514568,0,085144D0,0,255,0,256,65520,48
204,309:30F,309,30F,08514558,93,08514568,1,085148F8,3,0,0,0,0,0
205,30A:313,30A,313,085145E0,94,085145F0,0,08514B48,1,0,0,0,0,65488
206,30B:308,30B,308,08514660,95,08514680,0,085144D0,255,0,0,0,0,0
207,30B:31A,30B,31A,08514670,95,08514680,1,08514F98,2,0,0,0,0,65488
208,30C:307,30C,307,08514710,96,08514720,0,08514438,255,0,272,256,0,0
209,30D:319,30D,319,085147A0,97,085147D0,0,08514EF8,255,0,0,0,0,0
210,30D:310,30D,310,085147B0,97,085147D0,1,08514988,4,255,256,0,0,0
211,30D:317,30D,317,085147C0,97,085147D0,2,08514D70,5,0,0,0,0,65488
212,30E:319,30E,319,08514840,98,08514860,0,08514EF8,255,0,0,256,0,0
213,30E:007,30E,007,08514850,98,08514860,1,0850F3B4,3,0,0,0,0,65488
214,30F:309,30F,309,085148C8,99,085148F8,0,08514568,255,0,528,0,0,65488
215,30F:313,30F,313,085148D8,99,085148F8,1,08514B48,255,1,272,0,0,65488
216,30F:316,30F,316,085148E8,99,085148F8,2,08514CE8,1,1,0,0,0,65488
217,310:30D,310,30D,08514978,100,08514988,0,085147D0,1,1,1024,0,0,65488
218,311:300,311,300,085149F8,101,08514A08,0,08513F98,255,0,0,256,0,0
219,312:305,312,305,08514A90,102,08514AB0,0,085142A8,255,0,0,0,0,65488
220,312:314,312,314,08514AA0,102,08514AB0,1,08514BF8,2,0,0,0,0,65488
221,313:30A,313,30A,08514B28,103,08514B48,0,085145F0,255,0,0,0,0,65488
222,313:30F,313,30F,08514B38,103,08514B48,1,085148F8,2,0,0,256,0,0
223,314:312,314,312,08514BC8,104,08514BF8,0,08514AB0,255,0,272,0,0,65488
224,314:315,314,315,08514BD8,104,08514BF8,1,08514C70,1,0,0,0,0,65488
225,314:319,314,319,08514BE8,104,08514BF8,2,08514EF8,0,1,0,0,0,0
226,315:314,315,314,08514C60,105,08514C70,0,08514BF8,255,0,0,0,0,65488
227,316:30F,316,30F,08514CD8,106,08514CE8,0,085148F8,255,0,0,256,0,0
228,317:30D,317,30D,08514D50,107,08514D70,0,085147D0,255,0,1040,0,0,65488
229,317:403,317,403,08514D60,107,08514D70,1,08515CD0,1,0,0,256,0,0
230,318:302,318,302,08514DF8,108,08514E28,0,085140C0,255,0,0,0,0,65488
231,318:306,318,306,08514E08,108,08514E28,1,08514370,1,0,0,0,0,0
232,318:306,318,306,08514E18,108,08514E28,2,08514370,1,1,0,256,0,0
233,319:314,319,314,08514EA8,109,08514EF8,0,08514BF8,0,255,0,0,0,0
234,319:306,319,306,08514EB8,109,08514EF8,1,08514370,255,0,272,0,0,0
235,319:30D,319,30D,08514EC8,109,08514EF8,2,085147D0,1,0,0,0,0,65488
236,319:306,319,306,08514ED8,109,08514EF8,3,08514370,255,1,272,256,0,0
237,319:30E,319,30E,08514EE8,109,08514EF8,4,08514860,1,1,0,0,0,65488
238,31A:30B,31A,30B,08514F78,110,08514F98,0,08514680,255,0,272,0,0,65488
239,31A:31B,31A,31B,08514F88,110,08514F98,1,08515038,2,0,0,0,0,0
240,31B:31A,31B,31A,08515018,111,08515038,0,08514F98,255,0,272,0,0,65488
241,31B:31C,31B,31C,08515028,111,08515038,1,085150C8,255,1,784,0,0,65488
242,31C:31B,31C,31B,085150B8,112,085150C8,0,08515038,4,0,0,256,0,0
243,400:401,400,401,08515AE0,113,08515AF0,0,08515B90,0,1,0,0,0,0
244,401:400,401,400,08515B70,114,08515B90,0,08515AF0,0,255,0,0,0,0
245,401:402,401,402,08515B80,114,08515B90,1,08515C30,2,1,0,0,0,65488
246,402:401,402,401,08515C10,115,08515C30,0,08515B90,255,0,272,256,0,0
247,402:404,402,404,08515C20,115,08515C30,1,08515DB0,2,0,0,256,0,0
248,403:404,403,404,08515CB0,116,08515CD0,0,08515DB0,1,0,0,768,0,0
249,403:317,403,317,08515CC0,116,08515CD0,1,08514D70,255,1,0,0,0,65488
250,404:414,404,414,08515D50,117,08515DB0,0,08516768,255,0,0,0,0,65488
251,404:406,404,406,08515D60,117,08515DB0,1,08515EF0,1,0,0,0,0,65488
252,404:402,404,402,08515D70,117,08515DB0,2,08515C30,255,1,272,0,0,65488
253,404:407,404,407,08515D80,117,08515DB0,3,08515F88,1,1,0,0,0,65488
254,404:403,404,403,08515D90,117,08515DB0,4,08515CD0,255,3,0,0,0,0
255,404:405,404,405,08515DA0,117,08515DB0,5,08515E58,0,4,0,0,0,65488
256,405:404,405,404,08515E38,118,08515E58,0,08515DB0,0,255,0,768,0,48
257,405:409,405,409,08515E48,118,08515E58,1,085160D8,1,0,0,0,0,65488
258,406:404,406,404,08515ED0,119,08515EF0,0,08515DB0,255,0,0,0,0,0
259,406:40B,406,40B,08515EE0,119,08515EF0,1,08516200,1,0,0,0,0,65488
260,407:404,407,404,08515F78,120,08515F88,0,08515DB0,255,0,0,256,0,0
261,408:410,408,410,08516000,121,08516040,0,08516510,3,1,0,0,65520,65488
262,408:411,408,411,08516010,121,08516040,1,085165C0,5,255,0,512,65520,48
263,408:413,408,413,08516020,121,08516040,2,085166F0,6,0,0,0,0,65488
264,408:412,408,412,08516030,121,08516040,3,08516648,5,1,256,0,0,65488
265,409:405,409,405,085160C8,122,085160D8,0,08515E58,255,0,0,0,0,65488
266,40A:40E,40A,40E,08516158,123,08516168,0,085163E0,2,5,0,0,0,0
267,40B:406,40B,406,085161E0,124,08516200,0,08515EF0,255,0,0,0,0,65488
268,40B:40E,40B,40E,085161F0,124,08516200,1,085163E0,2,0,0,0,0,0
269,40C:40E,40C,40E,08516278,125,08516288,0,085163E0,2,0,0,256,0,0
270,40D:415,40D,415,08516300,126,08516320,0,085167E8,255,0,0,0,0,65488
271,40D:411,40D,411,08516310,126,08516320,1,085165C0,4,0,0,512,0,0
272,40E:40A,40E,40A,085163A0,127,085163E0,0,08516168,0,255,512,1024,0,48
273,40E:40B,40E,40B,085163B0,127,085163E0,1,08516200,255,0,272,0,0,65488
274,40E:411,40E,411,085163C0,127,085163E0,2,085165C0,2,0,0,0,0,0
275,40E:40C,40E,40C,085163D0,127,085163E0,3,08516288,255,1,272,0,0,65488
276,40F:413,40F,413,08516448,128,08516468,0,085166F0,255,0,272,0,0,65488
277,40F:90A,40F,90A,08516458,128,08516468,1,08520160,1,0,0,0,0,65488
278,410:408,410,408,085164F0,129,08516510,0,08516040,0,255,784,0,0,0
279,410:022,410,022,08516500,129,08516510,1,085103C4,255,0,0,0,0,65488
280,411:40E,411,40E,08516590,130,085165C0,0,085163E0,255,0,272,0,0,0
281,411:40D,411,40D,085165A0,130,085165C0,1,08516320,255,2,784,0,0,65488
282,411:408,411,408,085165B0,130,085165C0,2,08516040,0,3,1296,0,0,65488
283,412:408,412,408,08516638,131,08516648,0,08516040,1,255,1280,0,0,0
284,413:408,413,408,085166D0,132,085166F0,0,08516040,255,0,1296,0,0,65488
285,413:40F,413,40F,085166E0,132,085166F0,1,08516468,2,0,0,0,0,65488
286,414:404,414,404,08516758,133,08516768,0,08515DB0,1,0,0,0,0,0
287,415:40D,415,40D,085167D8,134,085167E8,0,08516320,1,0,0,0,0,65488
288,500:50D,500,50D,08517268,135,085172B8,0,08517AE0,255,0,528,256,0,0
289,500:502,500,502,08517278,135,085172B8,1,08517448,3,0,0,0,0,0
290,500:501,500,501,08517288,135,085172B8,2,08517380,0,2,0,0,0,0
291,500:501,500,501,08517298,135,085172B8,3,08517380,1,2,256,0,0,0
292,500:502,500,502,085172A8,135,085172B8,4,08517448,3,1,0,256,0,0
293,501:500,501,500,08517330,136,08517380,0,085172B8,0,255,0,256,0,48
294,501:500,501,500,08517340,136,08517380,1,085172B8,1,255,256,256,0,48
295,501:503,501,503,08517350,136,08517380,2,08517510,3,0,0,0,0,0
296,501:01B,501,01B,08517360,136,08517380,3,0851000C,255,1,0,0,0,65488
297,501:503,501,503,08517370,136,08517380,4,08517510,3,1,0,256,0,0
298,502:500,502,500,085173F8,137,08517448,0,085172B8,255,0,528,0,0,0
299,502:508,502,508,08517408,137,08517448,1,08517828,3,0,0,256,0,0
300,502:500,502,500,08517418,137,08517448,2,085172B8,255,1,528,256,0,0
301,502:503,502,503,08517428,137,08517448,3,08517510,0,2,0,0,0,0
302,502:503,502,503,08517438,137,08517448,4,08517510,1,2,256,0,0,0
303,503:502,503,502,085174C0,138,08517510,0,08517448,0,255,0,256,0,48
304,503:501,503,501,085174D0,138,08517510,1,08517380,255,0,528,0,0,0
305,503:502,503,502,085174E0,138,08517510,2,08517448,1,255,256,256,0,48
306,503:501,503,501,085174F0,138,08517510,3,08517380,255,1,528,256,0,0
307,503:50C,503,50C,08517500,138,08517510,4,08517A48,3,1,0,0,0,65488
308,504:508,504,508,08517588,139,085175A8,0,08517828,255,2,528,256,0,0
309,504:505,504,505,08517598,139,085175A8,1,08517660,4,2,0,0,0,0
310,505:504,505,504,08517620,140,08517660,0,085175A8,255,0,784,512,0,0
311,505:509,505,509,08517630,140,08517660,1,085178C0,3,0,0,256,0,0
312,505:50B,505,50B,08517640,140,08517660,2,085179D0,0,1,0,0,224,65488
313,505:507,505,507,08517650,140,08517660,3,08517790,2,2,0,0,65520,65488
314,506:50E,506,50E,085176D8,141,085176F8,0,08517B70,255,0,0,0,0,65488
315,506:507,506,507,085176E8,141,085176F8,1,08517790,2,0,0,0,0,65488
316,507:505,507,505,08517770,142,08517790,0,08517660,0,255,528,256,0,48
317,507:506,507,506,08517780,142,08517790,1,085176F8,255,0,272,0,0,65488
318,508:502,508,502,08517808,143,08517828,0,08517448,255,1,528,0,0,0
319,508:504,508,504,08517818,143,08517828,1,085175A8,3,1,0,512,0,0
320,509:50A,509,50A,085178A0,144,085178C0,0,08517958,255,1,528,256,0,0
321,509:50D,509,50D,085178B0,144,085178C0,1,08517AE0,3,1,0,256,0,0
322,50A:622,50A,622,08517938,145,08517958,0,085198A0,255,1,0,0,0,65488
323,50A:505,50A,505,08517948,145,08517958,1,08517660,3,1,0,0,0,0
324,50B:505,50B,505,085179C0,146,085179D0,0,08517660,1,0,256,256,0,0
325,50C:503,50C,503,08517A38,147,08517A48,0,08517510,255,0,528,256,0,0
326,50D:509,50D,509,08517AC0,148,08517AE0,0,085178C0,255,1,528,256,0,0
327,50D:500,50D,500,08517AD0,148,08517AE0,1,085172B8,3,1,0,0,0,0
328,50E:506,50E,506,08517B60,149,08517B70,0,085176F8,1,0,0,0,0,65488
329,600:918,600,918,085183E0,150,08518400,0,08520B08,255,0,0,0,0,65488
330,600:614,600,614,085183F0,150,08518400,1,08519030,2,0,0,0,0,65488
331,601:605,601,605,08518480,151,08518490,0,08518710,1,0,0,0,0,0
332,602:605,602,605,08518500,152,08518520,0,08518710,1,0,0,256,0,0
333,602:606,602,606,08518510,152,08518520,1,085187A0,1,1,0,0,0,0
334,603:606,603,606,085185A0,153,085185B0,0,085187A0,1,0,0,256,0,0
335,604:61A,604,61A,08518628,154,08518658,0,085193D0,1,0,0,0,0,65488
336,604:61B,604,61B,08518638,154,08518658,1,08519460,255,1,0,0,0,65488
337,604:61C,604,61C,08518648,154,08518658,2,08519508,1,1,0,0,0,65488
338,605:601,605,601,085186D0,155,08518710,0,08518490,255,0,0,0,0,65488
339,605:608,605,608,085186E0,155,08518710,1,085188F0,1,0,0,0,0,65488
340,605:602,605,602,085186F0,155,08518710,2,08518520,255,1,0,0,0,0
341,605:609,605,609,08518700,155,08518710,3,08518988,1,1,0,0,0,65488
342,606:602,606,602,08518780,156,085187A0,0,08518520,255,0,0,256,0,0
343,606:603,606,603,08518790,156,085187A0,1,085185B0,255,1,0,0,0,65488
344,607:611,607,611,08518818,157,08518838,0,08518E38,255,0,0,0,0,65488
345,607:613,607,613,08518828,157,08518838,1,08518F78,2,0,0,0,0,0
346,608:605,608,605,085188C0,158,085188F0,0,08518710,255,0,0,0,0,0
347,608:61D,608,61D,085188D0,158,085188F0,1,085195C0,1,255,0,0,65520,0
348,608:60D,608,60D,085188E0,158,085188F0,2,08518C18,3,0,0,0,0,0
349,609:605,609,605,08518978,159,08518988,0,08518710,255,0,0,256,0,0
350,60A:60E,60A,60E,08518A00,160,08518A30,0,08518CB0,1,0,0,256,0,0
351,60A:621,60A,621,08518A10,160,08518A30,1,08519818,255,1,0,0,0,65488
352,60A:610,60A,610,08518A20,160,08518A30,2,08518DA8,1,1,0,0,0,65488
353,60B:616,60B,616,08518AA8,161,08518AC8,0,08519160,255,0,0,0,0,0
354,60B:622,60B,622,08518AB8,161,08518AC8,1,085198A0,2,0,0,0,0,65488
355,60C:619,60C,619,08518B40,162,08518B70,0,08519328,255,0,0,256,0,0
356,60C:61E,60C,61E,08518B50,162,08518B70,1,08519668,255,1,0,0,0,65488
357,60C:60F,60C,60F,08518B60,162,08518B70,2,08518D28,1,1,0,0,0,65488
358,60D:608,60D,608,08518BE8,163,08518C18,0,085188F0,255,0,528,0,0,65488
359,60D:620,60D,620,08518BF8,163,08518C18,1,08519770,1,0,0,0,0,65488
360,60D:60E,60D,60E,08518C08,163,08518C18,2,08518CB0,1,1,0,0,0,0
361,60E:60D,60E,60D,08518C90,164,08518CB0,0,08518C18,255,0,0,256,0,0
362,60E:60A,60E,60A,08518CA0,164,08518CB0,1,08518A30,255,1,0,0,0,0
363,60F:60C,60F,60C,08518D18,165,08518D28,0,08518B70,255,0,0,256,0,0
364,610:60A,610,60A,08518D98,166,08518DA8,0,08518A30,255,0,0,256,0,0
365,611:607,611,607,08518E28,167,08518E38,0,08518838,1,0,0,0,0,65488
366,612:614,612,614,08518EB0,168,08518ED0,0,08519030,0,1,0,0,65520,65488
367,612:613,612,613,08518EC0,168,08518ED0,1,08518F78,2,0,0,256,0,0
368,613:607,613,607,08518F48,169,08518F78,0,08518838,255,0,272,0,0,65488
369,613:61F,613,61F,08518F58,169,08518F78,1,085196E0,1,0,0,0,0,65488
370,613:612,613,612,08518F68,169,08518F78,2,08518ED0,255,1,272,0,0,65488
371,614:612,614,612,08519000,170,08519030,0,08518ED0,0,255,16,0,0,0
372,614:600,614,600,08519010,170,08519030,1,08518400,255,0,272,0,0,65488
373,614:615,614,615,08519020,170,08519030,2,085190C8,1,0,0,0,0,0
374,615:614,615,614,085190A8,171,085190C8,0,08519030,255,0,0,0,0,65488
375,615:617,615,617,085190B8,171,085190C8,1,085191F8,255,1,0,0,0,0
376,616:60B,616,60B,08519140,172,08519160,0,08518AC8,1,0,0,0,0,65488
377,616:619,616,619,08519150,172,08519160,1,08519328,0,2,0,0,0,0
378,617:615,617,615,085191D8,173,085191F8,0,085190C8,1,0,0,256,0,0
379,617:618,617,618,085191E8,173,085191F8,1,08519290,1,1,0,0,0,0
380,618:617,618,617,08519270,174,08519290,0,085191F8,255,0,0,256,0,0
381,618:61A,618,61A,08519280,174,08519290,1,085193D0,255,1,0,0,0,65488
382,619:616,619,616,08519308,175,08519328,0,08519160,0,255,0,256,0,48
383,619:60C,619,60C,08519318,175,08519328,1,08518B70,1,1,0,0,0,0
384,61A:604,61A,604,085193B0,176,085193D0,0,08518658,255,0,0,0,0,0
385,61A:618,61A,618,085193C0,176,085193D0,1,08519290,1,0,0,256,0,0
386,61B:604,61B,604,08519450,177,08519460,0,08518658,1,0,0,256,0,0
387,61C:604,61C,604,085194E8,178,08519508,0,08518658,255,0,0,256,0,0
388,61C:61D,61C,61D,085194F8,178,08519508,1,085195C0,1,0,0,0,0,65488
389,61D:61C,61D,61C,08519590,179,085195C0,0,08519508,255,0,0,0,0,65488
390,61D:61E,61D,61E,085195A0,179,085195C0,1,08519668,1,0,0,0,0,65488
391,61D:608,61D,608,085195B0,179,085195C0,2,085188F0,0,1,272,0,0,65488
392,61E:61D,61E,61D,08519648,180,08519668,0,085195C0,255,0,0,0,0,65488
393,61E:60C,61E,60C,08519658,180,08519668,1,08518B70,1,0,0,256,0,0
394,61F:613,61F,613,085196D0,181,085196E0,0,08518F78,255,0,0,0,0,0
395,620:60D,620,60D,08519760,182,08519770,0,08518C18,255,0,0,0,0,0
396,621:01E,621,01E,085197F8,183,08519818,0,085101A4,255,0,0,0,0,65488
397,621:60A,621,60A,08519808,183,08519818,1,08518A30,1,0,0,256,0,0
398,622:60B,622,60B,08519880,184,085198A0,0,08518AC8,255,0,272,0,0,65488
399,622:50A,622,50A,08519890,184,085198A0,1,08517958,1,0,0,256,0,0
400,700:004,700,004,0851A564,185,0851A584,0,0850F1E4,1,0,0,0,0,65488
401,700:701,700,701,0851A574,185,0851A584,1,0851A624,1,1,0,0,0,65488
402,701:700,701,700,0851A5F4,186,0851A624,0,0851A584,255,0,0,256,0,0
403,701:702,701,702,0851A604,186,0851A624,1,0851A6A4,7,255,256,0,0,0
404,701:705,701,705,0851A614,186,0851A624,2,0851A88C,9,1,0,0,0,0
405,702:701,702,701,0851A694,187,0851A6A4,0,0851A624,1,1,1792,0,0,65488
406,703:705,703,705,0851A714,188,0851A724,0,0851A88C,1,0,0,256,0,0
407,704:726,704,726,0851A7BC,189,0851A7EC,0,0851C05C,255,0,0,0,0,65488
408,704:707,704,707,0851A7CC,189,0851A7EC,1,0851A9EC,1,0,0,0,0,65488
409,704:708,704,708,0851A7DC,189,0851A7EC,2,0851AA94,1,1,0,0,0,65488
410,705:701,705,701,0851A85C,190,0851A88C,0,0851A624,0,255,2304,0,0,0
411,705:70B,705,70B,0851A86C,190,0851A88C,1,0851AD0C,2,0,0,0,0,0
412,705:703,705,703,0851A87C,190,0851A88C,2,0851A724,255,1,0,0,0,65488
413,706:70B,706,70B,0851A924,191,0851A934,0,0851AD0C,1,0,0,1024,0,0
414,707:704,707,704,0851A9CC,192,0851A9EC,0,0851A7EC,255,0,0,0,0,0
415,707:70A,707,70A,0851A9DC,192,0851A9EC,1,0851AC14,1,0,0,0,0,0
416,708:704,708,704,0851AA84,193,0851AA94,0,0851A7EC,255,0,0,256,0,0
417,709:70A,709,70A,0851AB2C,194,0851AB3C,0,0851AC14,1,0,0,768,0,0
418,70A:707,70A,707,0851ABD4,195,0851AC14,0,0851A9EC,255,0,0,0,0,65488
419,70A:70C,70A,70C,0851ABE4,195,0851AC14,1,0851ADD4,1,0,0,0,0,65488
420,70A:709,70A,709,0851ABF4,195,0851AC14,2,0851AB3C,255,3,0,0,0,65488
421,70A:70D,70A,70D,0851AC04,195,0851AC14,3,0851AE84,1,3,0,0,0,65488
422,70B:705,70B,705,0851ACAC,196,0851AD0C,0,0851A88C,255,0,272,0,0,0
423,70B:70E,70B,70E,0851ACBC,196,0851AD0C,1,0851AF14,1,0,0,0,0,0
424,70B:727,70B,727,0851ACCC,196,0851AD0C,2,0851C0D4,1,3,0,0,0,65488
425,70B:706,70B,706,0851ACDC,196,0851AD0C,3,0851A934,255,4,0,0,0,65488
426,70B:72F,70B,72F,0851ACEC,196,0851AD0C,4,0851C63C,1,6,0,0,0,65488
427,70B:70C,70B,70C,0851ACFC,196,0851AD0C,5,0851ADD4,0,7,16,0,0,65488
428,70C:70B,70C,70B,0851ADA4,197,0851ADD4,0,0851AD0C,0,255,0,1536,65520,48
429,70C:70A,70C,70A,0851ADB4,197,0851ADD4,1,0851AC14,255,0,0,0,0,0
430,70C:713,70C,713,0851ADC4,197,0851ADD4,2,0851B294,8,0,0,512,0,0
431,70D:70A,70D,70A,0851AE64,198,0851AE84,0,0851AC14,255,0,0,768,0,0
432,70D:710,70D,710,0851AE74,198,0851AE84,1,0851B05C,2,0,0,0,0,65488
433,70E:70B,70E,70B,0851AEF4,199,0851AF14,0,0851AD0C,255,0,0,0,0,0
434,70E:712,70E,712,0851AF04,199,0851AF14,1,0851B19C,5,1,0,0,0,65488
435,70F:721,70F,721,0851AFAC,200,0851AFBC,0,0851BD0C,255,0,272,512,0,0
436,710:70D,710,70D,0851B03C,201,0851B05C,0,0851AE84,255,0,272,0,0,65488
437,710:723,710,723,0851B04C,201,0851B05C,1,0851BE6C,4,0,0,256,0,0
438,711:01C,711,01C,0851B0CC,202,0851B0FC,0,08510094,255,0,0,0,0,65488
439,711:717,711,717,0851B0DC,202,0851B0FC,1,0851B524,5,0,0,0,0,65488
440,711:712,711,712,0851B0EC,202,0851B0FC,2,0851B19C,1,3,256,0,0,65488
441,712:70E,712,70E,0851B16C,203,0851B19C,0,0851AF14,255,0,1040,256,0,0
442,712:711,712,711,0851B17C,203,0851B19C,1,0851B0FC,1,255,256,512,0,48
443,712:72A,712,72A,0851B18C,203,0851B19C,2,0851C26C,2,0,0,0,0,65488
444,713:728,713,728,0851B244,204,0851B294,0,0851C154,255,0,0,0,0,65488
445,713:714,713,714,0851B254,204,0851B294,1,0851B34C,2,0,0,0,0,65488
446,713:72E,713,72E,0851B264,204,0851B294,2,0851C584,255,1,0,0,0,65488
447,713:70C,713,70C,0851B274,204,0851B294,3,0851ADD4,255,2,1808,0,0,65488
448,713:715,713,715,0851B284,204,0851B294,4,0851B3F4,2,2,0,0,0,65488
449,714:713,714,713,0851B32C,205,0851B34C,0,0851B294,255,0,272,0,0,0
450,714:721,714,721,0851B33C,205,0851B34C,1,0851BD0C,3,0,0,1024,0,0
451,715:713,715,713,0851B3E4,206,0851B3F4,0,0851B294,255,0,272,512,0,0
452,716:737,716,737,0851B484,207,0851B494,0,0851CB6C,255,0,784,0,0,65488
453,717:711,717,711,0851B504,208,0851B524,0,0851B0FC,255,0,1040,0,0,0
454,717:719,717,719,0851B514,208,0851B524,1,0851B68C,2,0,0,256,0,0
455,718:721,718,721,0851B5CC,209,0851B5DC,0,0851BD0C,1,0,0,0,0,0
456,719:717,719,717,0851B65C,210,0851B68C,0,0851B524,255,1,272,0,0,65488
457,719:71A,719,71A,0851B66C,210,0851B68C,1,0851B754,2,1,0,0,0,65488
458,719:721,719,721,0851B67C,210,0851B68C,2,0851BD0C,1,4,256,0,0,0
459,71A:719,71A,719,0851B734,211,0851B754,0,0851B68C,255,0,272,256,0,0
460,71A:71D,71A,71D,0851B744,211,0851B754,1,0851B9CC,1,0,0,0,0,0
461,71B:721,71B,721,0851B7FC,212,0851B81C,0,0851BD0C,255,0,272,1024,0,0
462,71B:A07,71B,A07,0851B80C,212,0851B81C,1,08521890,1,0,0,0,0,65488
463,71C:71D,71C,71D,0851B8C4,213,0851B8D4,0,0851B9CC,0,2,272,0,0,0
464,71D:71A,71D,71A,0851B97C,214,0851B9CC,0,0851B754,255,0,0,0,0,65488
465,71D:71C,71D,71C,0851B98C,214,0851B9CC,1,0851B8D4,1,255,0,256,65520,48
466,71D:71F,71D,71F,0851B99C,214,0851B9CC,2,0851BB4C,3,0,0,0,0,65488
467,71D:731,71D,731,0851B9AC,214,0851B9CC,3,0851C77C,0,3,256,0,0,65488
468,71D:71E,71D,71E,0851B9BC,214,0851B9CC,4,0851BA94,2,3,0,0,65520,0
469,71E:71D,71E,71D,0851BA74,215,0851BA94,0,0851B9CC,0,255,528,512,0,48
470,71E:720,71E,720,0851BA84,215,0851BA94,1,0851BC04,1,1,0,0,0,65488
471,71F:71D,71F,71D,0851BB3C,216,0851BB4C,0,0851B9CC,255,0,528,0,0,0
472,720:71E,720,71E,0851BBF4,217,0851BC04,0,0851BA94,255,0,0,256,0,0
473,721:718,721,718,0851BCAC,218,0851BD0C,0,0851B5DC,255,0,0,0,0,65488
474,721:719,721,719,0851BCBC,218,0851BD0C,1,0851B68C,1,255,256,768,0,48
475,721:731,721,731,0851BCCC,218,0851BD0C,2,0851C77C,2,0,0,0,0,65488
476,721:70F,721,70F,0851BCDC,218,0851BD0C,3,0851AFBC,2,2,0,0,0,65488
477,721:714,721,714,0851BCEC,218,0851BD0C,4,0851B34C,255,4,528,0,0,65488
478,721:71B,721,71B,0851BCFC,218,0851BD0C,5,0851B81C,2,4,0,0,0,65488
479,722:723,722,723,0851BD8C,219,0851BD9C,0,0851BE6C,4,0,0,0,0,0
480,723:722,723,722,0851BE2C,220,0851BE6C,0,0851BD9C,255,0,784,0,0,65488
481,723:729,723,729,0851BE3C,220,0851BE6C,1,0851C1CC,1,0,0,0,0,65488
482,723:710,723,710,0851BE4C,220,0851BE6C,2,0851B05C,255,1,784,0,0,65488
483,723:724,723,724,0851BE5C,220,0851BE6C,3,0851BF1C,1,1,0,0,0,65488
484,724:723,724,723,0851BEFC,221,0851BF1C,0,0851BE6C,255,0,0,256,0,0
485,724:725,724,725,0851BF0C,221,0851BF1C,1,0851BFD4,1,0,0,256,0,0
486,725:724,725,724,0851BFB4,222,0851BFD4,0,0851BF1C,255,1,0,0,0,65488
487,725:734,725,734,0851BFC4,222,0851BFD4,1,0851C94C,2,1,0,0,0,65488
488,726:814,726,814,0851C03C,223,0851C05C,0,0851F0B0,255,0,0,0,0,65488
489,726:704,726,704,0851C04C,223,0851C05C,1,0851A7EC,1,0,0,0,0,0
490,727:70B,727,70B,0851C0C4,224,0851C0D4,0,0851AD0C,255,0,0,768,0,0
491,728:713,728,713,0851C144,225,0851C154,0,0851B294,1,0,0,0,0,0
492,729:723,729,723,0851C1BC,226,0851C1CC,0,0851BE6C,255,0,0,0,0,0
493,72A:712,72A,712,0851C24C,227,0851C26C,0,0851B19C,255,0,272,0,0,65488
494,72A:72B,72A,72B,0851C25C,227,0851C26C,1,0851C32C,1,0,0,0,0,0
495,72B:72A,72B,72A,0851C2EC,228,0851C32C,0,0851C26C,255,0,0,0,0,65488
496,72B:732,72B,732,0851C2FC,228,0851C32C,1,0851C7FC,1,1,0,0,0,65488
497,72B:72C,72B,72C,0851C30C,228,0851C32C,2,0851C3F4,255,3,272,0,0,65488
498,72B:730,72B,730,0851C31C,228,0851C32C,3,0851C6B4,1,3,0,0,0,65488
499,72C:72D,72C,72D,0851C3D4,229,0851C3F4,0,0851C4CC,255,0,272,0,0,0
500,72C:72B,72C,72B,0851C3E4,229,0851C3F4,1,0851C32C,2,0,0,768,0,0
501,72D:72C,72D,72C,0851C49C,230,0851C4CC,0,0851C3F4,2,0,0,0,0,65488
502,72D:72F,72D,72F,0851C4AC,230,0851C4CC,1,0851C63C,255,2,784,0,0,65488
503,72D:72E,72D,72E,0851C4BC,230,0851C4CC,2,0851C584,2,2,0,0,0,65488
504,72E:72D,72E,72D,0851C564,231,0851C584,0,0851C4CC,255,0,272,512,0,0
505,72E:713,72E,713,0851C574,231,0851C584,1,0851B294,1,0,0,256,0,0
506,72F:70B,72F,70B,0851C61C,232,0851C63C,0,0851AD0C,255,0,0,1536,0,0
507,72F:72D,72F,72D,0851C62C,232,0851C63C,1,0851C4CC,4,0,0,512,0,0
508,730:72B,730,72B,0851C6A4,233,0851C6B4,0,0851C32C,255,0,0,768,0,0
509,731:721,731,721,0851C75C,234,0851C77C,0,0851BD0C,255,0,272,0,0,0
510,731:71D,731,71D,0851C76C,234,0851C77C,1,0851B9CC,1,255,0,512,0,48
511,732:72B,732,72B,0851C7EC,235,0851C7FC,0,0851C32C,255,0,0,256,0,0
512,733:735,733,735,0851C88C,236,0851C89C,0,0851CA1C,1,0,0,0,0,0
513,734:725,734,725,0851C92C,237,0851C94C,0,0851BFD4,255,0,272,256,0,0
514,734:735,734,735,0851C93C,237,0851C94C,1,0851CA1C,1,0,0,256,0,0
515,735:733,735,733,0851C9DC,238,0851CA1C,0,0851C89C,255,0,0,0,0,65488
516,735:736,735,736,0851C9EC,238,0851CA1C,1,0851CABC,1,0,0,0,0,65488
517,735:734,735,734,0851C9FC,238,0851CA1C,2,0851C94C,255,1,0,0,0,65488
518,735:737,735,737,0851CA0C,238,0851CA1C,3,0851CB6C,1,1,0,0,0,65488
519,736:735,736,735,0851CAAC,239,0851CABC,0,0851CA1C,255,0,0,0,0,0
520,737:735,737,735,0851CB4C,240,0851CB6C,0,0851CA1C,255,0,0,256,0,0
521,737:716,737,716,0851CB5C,240,0851CB6C,1,0851B494,4,0,0,0,0,65488
522,800:801,800,801,0851E480,241,0851E490,0,0851E528,1,0,0,0,0,65488
523,801:800,801,800,0851E508,242,0851E528,0,0851E490,255,0,0,0,0,65488
524,801:805,801,805,0851E518,242,0851E528,1,0851E7F8,2,0,0,512,0,0
525,802:806,802,806,0851E5A0,243,0851E5E0,0,0851E880,2,0,0,0,0,65488
526,802:807,802,807,0851E5B0,243,0851E5E0,1,0851E918,2,1,0,0,0,65488
527,802:803,802,803,0851E5C0,243,0851E5E0,2,0851E688,0,3,0,0,0,65488
528,802:808,802,808,0851E5D0,243,0851E5E0,3,0851E9A0,2,2,0,0,0,65488
529,803:802,803,802,0851E658,244,0851E688,0,0851E5E0,0,255,0,512,0,48
530,803:804,803,804,0851E668,244,0851E688,1,0851E730,0,1,0,0,65520,65488
531,803:80C,803,80C,0851E678,244,0851E688,2,0851EC00,3,0,0,0,0,65488
532,804:803,804,803,0851E700,245,0851E730,0,0851E688,0,255,16,0,0,0
533,804:815,804,815,0851E710,245,0851E730,1,0851F128,255,0,0,0,0,65488
534,804:805,804,805,0851E720,245,0851E730,2,0851E7F8,1,0,0,0,0,0
535,805:804,805,804,0851E7A8,246,0851E7F8,0,0851E730,255,0,0,0,0,65488
536,805:809,805,809,0851E7B8,246,0851E7F8,1,0851EA38,1,0,0,0,0,65488
537,805:80A,805,80A,0851E7C8,246,0851E7F8,2,0851EAD0,1,1,0,0,0,65488
538,805:801,805,801,0851E7D8,246,0851E7F8,3,0851E528,255,2,272,0,0,65488
539,805:80B,805,80B,0851E7E8,246,0851E7F8,4,0851EB68,1,2,0,0,0,65488
540,806:802,806,802,0851E870,247,0851E880,0,0851E5E0,255,0,272,0,0,0
541,807:802,807,802,0851E8F8,248,0851E918,0,0851E5E0,255,0,272,256,0,0
542,807:80E,807,80E,0851E908,248,0851E918,1,0851ED60,4,0,0,256,0,0
543,808:802,808,802,0851E990,249,0851E9A0,0,0851E5E0,255,0,272,512,0,0
544,809:805,809,805,0851EA18,250,0851EA38,0,0851E7F8,255,0,0,0,0,0
545,809:80F,809,80F,0851EA28,250,0851EA38,1,0851EDE8,4,0,0,0,0,65488
546,80A:805,80A,805,0851EAB0,251,0851EAD0,0,0851E7F8,255,0,0,256,0,0
547,80A:810,80A,810,0851EAC0,251,0851EAD0,1,0851EE70,4,0,0,0,0,65488
548,80B:805,80B,805,0851EB48,252,0851EB68,0,0851E7F8,255,0,0,512,0,0
549,80B:811,80B,811,0851EB58,252,0851EB68,1,0851EEF8,4,0,0,0,0,65488
550,80C:803,80C,803,0851EBE0,253,0851EC00,0,0851E688,255,0,528,0,0,65488
551,80C:80D,80C,80D,0851EBF0,253,0851EC00,1,0851ECB8,2,0,0,0,0,65488
552,80D:80C,80D,80C,0851EC78,254,0851ECB8,0,0851EC00,255,0,272,0,0,65488
553,80D:80E,80D,80E,0851EC88,254,0851ECB8,1,0851ED60,1,255,0,512,65520,48
554,80D:816,80D,816,0851EC98,254,0851ECB8,2,0851F1A8,3,0,0,0,0,65488
555,80D:813,80D,813,0851ECA8,254,0851ECB8,3,0851F018,2,1,0,0,0,0
556,80E:812,80E,812,0851ED30,255,0851ED60,0,0851EF80,1,0,0,0,0,65488
557,80E:807,80E,807,0851ED40,255,0851ED60,1,0851E918,255,1,784,0,0,65488
558,80E:80D,80E,80D,0851ED50,255,0851ED60,2,0851ECB8,0,3,272,0,0,65488
559,80F:809,80F,809,0851EDD8,256,0851EDE8,0,0851EA38,255,0,784,0,0,65488
560,810:80A,810,80A,0851EE60,257,0851EE70,0,0851EAD0,255,0,784,0,0,65488
561,811:80B,811,80B,0851EEE8,258,0851EEF8,0,0851EB68,255,0,784,0,0,65488
562,812:80E,812,80E,0851EF70,259,0851EF80,0,0851ED60,255,0,0,0,0,0
563,813:80D,813,80D,0851EFF8,260,0851F018,0,0851ECB8,0,255,512,0,0,0
564,813:814,813,814,0851F008,260,0851F018,1,0851F0B0,2,2,0,0,0,65488
565,814:813,814,813,0851F090,261,0851F0B0,0,0851F018,255,0,272,512,0,0
566,814:726,814,726,0851F0A0,261,0851F0B0,1,0851C05C,1,0,0,0,0,65488
567,815:804,815,804,0851F118,262,0851F128,0,0851E730,1,0,0,0,0,65488
568,816:80D,816,80D,0851F198,263,0851F1A8,0,0851ECB8,255,0,528,0,0,65488
569,900:904,900,904,0851FAE0,264,0851FAF0,0,0851FD70,1,0,0,0,0,65488
570,901:904,901,904,0851FB68,265,0851FB98,0,0851FD70,1,0,0,0,224,65488
571,901:917,901,917,0851FB78,265,0851FB98,1,08520A80,2,2,512,0,0,0
572,901:90B,901,90B,0851FB88,265,0851FB98,2,08520240,4,1,0,0,0,0
573,902:903,902,903,0851FC18,266,0851FC28,0,0851FCD8,0,1,16,0,0,0
574,903:902,903,902,0851FCA8,267,0851FCD8,0,0851FC28,0,255,0,0,65520,0
575,903:907,903,907,0851FCB8,267,0851FCD8,1,0851FF60,2,0,0,0,0,65488
576,903:908,903,908,0851FCC8,267,0851FCD8,2,08520000,2,1,0,0,0,65488
577,904:900,904,900,0851FD50,268,0851FD70,0,0851FAF0,255,0,0,0,0,65488
578,904:901,904,901,0851FD60,268,0851FD70,1,0851FB98,1,0,512,0,0,0
579,905:917,905,917,0851FE00,269,0851FE20,0,08520A80,0,255,256,768,0,48
580,905:906,905,906,0851FE10,269,0851FE20,1,0851FEC0,2,0,0,0,0,65488
581,906:905,906,905,0851FEB0,270,0851FEC0,0,0851FE20,255,0,272,0,0,65488
582,907:903,907,903,0851FF40,271,0851FF60,0,0851FCD8,255,0,272,0,0,0
583,907:90E,907,90E,0851FF50,271,0851FF60,1,08520490,2,0,0,0,0,65488
584,908:903,908,903,0851FFE0,272,08520000,0,0851FCD8,255,0,272,256,0,0
585,908:909,908,909,0851FFF0,272,08520000,1,085200B0,0,1,0,0,0,65488
586,909:908,909,908,08520080,273,085200B0,0,08520000,0,255,0,0,0,0
587,909:90F,909,90F,08520090,273,085200B0,1,08520540,2,0,0,256,0,0
588,909:90A,909,90A,085200A0,273,085200B0,2,08520160,1,1,256,0,0,65488
589,90A:40F,90A,40F,08520130,274,08520160,0,08516468,255,0,0,0,0,65488
590,90A:909,90A,909,08520140,274,08520160,1,085200B0,1,255,256,0,0,0
591,90A:01D,90A,01D,08520150,274,08520160,2,0851011C,2,0,0,0,0,65488
592,90B:901,90B,901,085201F0,275,08520240,0,0851FB98,255,0,784,256,0,0
593,90B:910,90B,910,08520200,275,08520240,1,085205E0,1,0,0,0,0,65488
594,90B:917,90B,917,08520210,275,08520240,2,08520A80,255,1,784,0,0,0
595,90B:911,90B,911,08520220,275,08520240,3,08520680,1,1,0,0,0,65488
596,90B:90C,90B,90C,08520230,275,08520240,4,08520320,0,2,0,0,0,0
597,90C:90B,90C,90B,085202D0,276,08520320,0,08520240,0,255,0,256,0,48
598,90C:916,90C,916,085202E0,276,08520320,1,085209B8,1,0,0,0,0,65488
599,90C:917,90C,917,085202F0,276,08520320,2,08520A80,255,1,784,512,0,0
600,90C:912,90C,912,08520300,276,08520320,3,08520740,1,1,0,0,0,65488
601,90C:90D,90C,90D,08520310,276,08520320,4,085203E0,0,2,16,0,0,0
602,90D:90C,90D,90C,085203B0,277,085203E0,0,08520320,0,255,0,256,65520,48
603,90D:917,90D,917,085203C0,277,085203E0,1,08520A80,255,0,784,768,0,0
604,90D:90E,90D,90E,085203D0,277,085203E0,2,08520490,1,2,256,0,0,65488
605,90E:907,90E,907,08520460,278,08520490,0,0851FF60,255,0,272,0,0,65488
606,90E:90D,90E,90D,08520470,278,08520490,1,085203E0,1,255,256,256,0,48
607,90E:913,90E,913,08520480,278,08520490,2,08520810,2,0,0,0,0,0
608,90F:909,90F,909,08520520,279,08520540,0,085200B0,255,1,272,0,0,65488
609,90F:913,90F,913,08520530,279,08520540,1,08520810,2,1,0,512,0,0
610,910:90B,910,90B,085205D0,280,085205E0,0,08520240,255,0,0,0,0,0
611,911:90B,911,90B,08520670,281,08520680,0,08520240,255,0,0,256,0,0
612,912:90C,912,90C,08520720,282,08520740,0,08520320,255,0,0,256,0,0
613,912:918,912,918,08520730,282,08520740,1,08520B08,3,0,0,0,0,65488
614,913:90E,913,90E,085207C0,283,08520810,0,08520490,255,0,272,0,0,65488
615,913:914,913,914,085207D0,283,08520810,1,085208A0,1,0,0,0,0,65488
616,913:919,913,919,085207E0,283,08520810,2,08520B88,1,1,0,0,0,65488
617,913:90F,913,90F,085207F0,283,08520810,3,08520540,255,2,272,256,0,0
618,913:915,913,915,08520800,283,08520810,4,08520940,1,2,0,0,0,65488
619,914:913,914,913,08520890,284,085208A0,0,08520810,255,0,0,0,0,0
620,915:913,915,913,08520930,285,08520940,0,08520810,255,0,0,512,0,0
621,916:90C,916,90C,085209A8,286,085209B8,0,08520320,255,0,0,0,0,0
622,917:901,917,901,08520A30,287,08520A80,0,0851FB98,2,255,512,256,0,48
623,917:90B,917,90B,08520A40,287,08520A80,1,08520240,4,0,0,256,0,0
624,917:90C,917,90C,08520A50,287,08520A80,2,08520320,4,2,0,256,0,0
625,917:905,917,905,08520A60,287,08520A80,3,0851FE20,1,4,0,0,0,65488
626,917:90D,917,90D,08520A70,287,08520A80,4,085203E0,4,3,0,0,0,0
627,918:912,918,912,08520AE8,288,08520B08,0,08520740,255,0,528,0,0,65488
628,918:600,918,600,08520AF8,288,08520B08,1,08518400,1,0,0,0,0,65488
629,919:913,919,913,08520B78,289,08520B88,0,08520810,255,0,0,256,0,0
630,A00:A07,A00,A07,08521458,290,08521478,0,08521890,255,0,0,0,0,65488
631,A00:A02,A00,A02,08521468,290,08521478,1,085215B8,4,0,0,256,0,0
632,A01:20D,A01,20D,085214F0,291,08521510,0,0851335C,1,0,0,0,0,65488
633,A01:A02,A01,A02,08521500,291,08521510,1,085215B8,0,1,0,0,0,0
634,A02:A01,A02,A01,08521588,292,085215B8,0,08521510,0,255,0,0,0,0
635,A02:A00,A02,A00,08521598,292,085215B8,1,08521478,255,1,784,0,0,65488
636,A02:A03,A02,A03,085215A8,292,085215B8,2,08521650,1,1,0,0,0,65488
637,A03:A02,A03,A02,08521630,293,08521650,0,085215B8,255,0,0,256,0,0
638,A03:A05,A03,A05,08521640,293,08521650,1,08521780,4,1,0,0,0,0
639,A04:A05,A04,A05,085216C8,294,085216D8,0,08521780,1,0,0,256,0,0
640,A05:A03,A05,A03,08521750,295,08521780,0,08521650,0,255,1024,0,0,0
641,A05:A04,A05,A04,08521760,295,08521780,1,085216D8,255,1,0,0,0,65488
642,A05:A08,A05,A08,08521770,295,08521780,2,08521928,3,1,0,0,0,65488
643,A06:A0B,A06,A0B,085217F8,296,08521808,0,08521AF0,255,0,0,0,0,0
644,A07:71B,A07,71B,08521870,297,08521890,0,0851B81C,255,0,0,0,0,65488
645,A07:A00,A07,A00,08521880,297,08521890,1,08521478,1,0,0,0,0,65488
646,A08:A05,A08,A05,08521908,298,08521928,0,08521780,255,0,528,256,0,0
647,A08:A09,A08,A09,08521918,298,08521928,1,085219C0,0,1,0,0,0,0
648,A09:A08,A09,A08,085219A0,299,085219C0,0,08521928,0,255,0,0,0,0
649,A09:A0A,A09,A0A,085219B0,299,085219C0,1,08521A58,255,1,1808,0,0,65488
650,A0A:A0B,A0A,A0B,08521A38,300,08521A58,0,08521AF0,255,0,0,256,0,0
651,A0A:A09,A0A,A09,08521A48,300,08521A58,1,085219C0,8,0,0,256,0,0
652,A0B:A06,A0B,A06,08521AD0,301,08521AF0,0,08521808,1,0,0,0,0,65488
653,A0B:A0A,A0B,A0A,08521AE0,301,08521AF0,1,08521A58,1,1,0,0,0,65488
654,B00:B04,B00,B04,08521E9C,302,08521EAC,0,08522104,1,0,0,0,0,0
655,B01:B05,B01,B05,08521F14,303,08521F24,0,085221C4,1,0,0,0,0,0
656,B02:B05,B02,B05,08521F9C,304,08521FBC,0,085221C4,1,0,0,256,0,0
657,B02:B03,B02,B03,08521FAC,304,08521FBC,1,0852205C,0,1,16,0,0,0
658,B03:B02,B03,B02,0852203C,305,0852205C,0,08521FBC,0,255,0,0,65520,0
659,B03:B09,B03,B09,0852204C,305,0852205C,1,0852241C,2,1,0,0,0,0
660,B04:B00,B04,B00,085220D4,306,08522104,0,08521EAC,255,0,0,0,0,65488
661,B04:B06,B04,B06,085220E4,306,08522104,1,0852225C,1,0,0,0,0,65488
662,B04:B15,B04,B15,085220F4,306,08522104,2,08522B6C,255,1,0,0,0,0
663,B05:B24,B05,B24,08522194,307,085221C4,0,08523424,0,255,0,0,0,0
664,B05:B01,B05,B01,085221A4,307,085221C4,1,08521F24,255,0,0,0,0,65488
665,B05:B02,B05,B02,085221B4,307,085221C4,2,08521FBC,255,1,0,0,0,65488
666,B06:B04,B06,B04,0852223C,308,0852225C,0,08522104,255,0,0,0,0,0
667,B06:B0C,B06,B0C,0852224C,308,0852225C,1,085225E4,2,0,0,0,0,65488
668,B07:B0A,B07,B0A,085222D4,309,085222F4,0,085224B4,1,0,0,0,0,65488
669,B07:B08,B07,B08,085222E4,309,085222F4,1,0852238C,0,2,16,0,0,0
670,B08:B07,B08,B07,0852236C,310,0852238C,0,085222F4,0,255,0,256,65520,48
671,B08:B0F,B08,B0F,0852237C,310,0852238C,1,08522814,2,2,0,0,0,65488
672,B09:B03,B09,B03,085223FC,311,0852241C,0,0852205C,255,0,272,256,0,0
673,B09:B25,B09,B25,0852240C,311,0852241C,1,085234BC,5,1,0,256,0,0
674,B0A:B07,B0A,B07,08522494,312,085224B4,0,085222F4,255,0,0,0,0,0
675,B0A:B11,B0A,B11,085224A4,312,085224B4,1,0852292C,2,0,0,0,0,65488
676,B0B:B0D,B0B,B0D,0852252C,313,0852253C,0,0852269C,1,0,0,0,0,65488
677,B0C:B06,B0C,B06,085225B4,314,085225E4,0,0852225C,255,0,272,0,0,65488
678,B0C:B10,B0C,B10,085225C4,314,085225E4,1,08522894,1,255,0,0,65520,0
679,B0C:B1F,B0C,B1F,085225D4,314,085225E4,2,0852315C,5,0,0,0,0,0
680,B0D:B0B,B0D,B0B,0852266C,315,0852269C,0,0852253C,255,0,0,0,0,65488
681,B0D:B12,B0D,B12,0852267C,315,0852269C,1,085229A4,1,0,0,0,0,65488
682,B0D:B0E,B0D,B0E,0852268C,315,0852269C,2,08522764,0,1,0,0,0,0
683,B0E:B0D,B0E,B0D,08522744,316,08522764,0,0852269C,0,255,0,0,0,0
684,B0E:B13,B0E,B13,08522754,316,08522764,1,08522A3C,1,1,0,0,0,65488
685,B0F:B08,B0F,B08,085227E4,317,08522814,0,0852238C,255,0,272,512,0,0
686,B0F:B13,B0F,B13,085227F4,317,08522814,1,08522A3C,1,255,0,0,65520,0
687,B0F:B19,B0F,B19,08522804,317,08522814,2,08522D64,2,0,0,0,0,65488
688,B10:B0C,B10,B0C,08522884,318,08522894,0,085225E4,0,1,272,0,0,65488
689,B11:B0A,B11,B0A,0852290C,319,0852292C,0,085224B4,255,0,272,0,0,65488
690,B11:B1A,B11,B1A,0852291C,319,0852292C,1,08522E2C,2,0,0,0,0,0
691,B12:B0D,B12,B0D,08522994,320,085229A4,0,0852269C,255,0,0,0,0,65488
692,B13:B0E,B13,B0E,08522A1C,321,08522A3C,0,08522764,255,0,0,256,0,0
693,B13:B0F,B13,B0F,08522A2C,321,08522A3C,1,08522814,0,1,272,0,0,65488
694,B15:B04,B15,B04,08522B4C,323,08522B6C,0,08522104,1,0,0,256,0,0
695,B15:B24,B15,B24,08522B5C,323,08522B6C,1,08523424,1,1,0,0,0,65488
696,B18:B1B,B18,B1B,08522CCC,326,08522CDC,0,08522ED4,1,0,0,256,0,0
697,B19:B0F,B19,B0F,08522D54,327,08522D64,0,08522814,255,0,272,0,0,65488
698,B1A:B11,B1A,B11,08522DFC,328,08522E2C,0,0852292C,255,0,272,0,0,65488
699,B1A:B1C,B1A,B1C,08522E0C,328,08522E2C,1,08522F64,1,0,0,0,0,65488
700,B1A:B26,B1A,B26,08522E1C,328,08522E2C,2,08523554,1,1,0,0,0,0
701,B1B:B26,B1B,B26,08522EA4,329,08522ED4,0,08523554,1,0,0,256,0,0
702,B1B:B18,B1B,B18,08522EB4,329,08522ED4,1,08522CDC,255,1,0,0,0,65488
703,B1B:B25,B1B,B25,08522EC4,329,08522ED4,2,085234BC,0,3,0,0,0,0
704,B1C:B1A,B1C,B1A,08522F54,330,08522F64,0,08522E2C,255,0,0,0,0,0
705,B1D:B1F,B1D,B1F,08522FDC,331,08522FEC,0,0852315C,1,0,0,1024,0,0
706,B1E:B20,B1E,B20,08523054,332,08523064,0,0852320C,1,0,0,0,0,65488
707,B1F:B0C,B1F,B0C,085230FC,333,0852315C,0,085225E4,255,0,1040,0,0,65488
708,B1F:B21,B1F,B21,0852310C,333,0852315C,1,0852328C,1,0,0,0,0,65488
709,B1F:B22,B1F,B22,0852311C,333,0852315C,2,0852330C,1,3,0,0,0,65488
710,B1F:B1D,B1F,B1D,0852312C,333,0852315C,3,08522FEC,255,4,0,0,0,65488
711,B1F:B23,B1F,B23,0852313C,333,0852315C,4,0852338C,1,6,0,0,0,65488
712,B1F:B20,B1F,B20,0852314C,333,0852315C,5,0852320C,0,7,0,0,0,65488
713,B20:B1F,B20,B1F,085231DC,334,0852320C,0,0852315C,0,255,0,1536,0,48
714,B20:B1E,B20,B1E,085231EC,334,0852320C,1,08523064,255,0,0,0,0,65488
715,B20:B27,B20,B27,085231FC,334,0852320C,2,085235D4,1,0,0,0,0,65488
716,B21:B1F,B21,B1F,0852327C,335,0852328C,0,0852315C,255,0,0,0,0,0
717,B22:B1F,B22,B1F,085232FC,336,0852330C,0,0852315C,255,0,0,768,0,0
718,B23:B1F,B23,B1F,0852337C,337,0852338C,0,0852315C,255,0,0,1536,0,0
719,B24:B15,B24,B15,08523404,338,08523424,0,08522B6C,255,0,0,256,0,0
720,B24:B05,B24,B05,08523414,338,08523424,1,085221C4,0,1,0,0,0,0
721,B25:B1B,B25,B1B,0852349C,339,085234BC,0,08522ED4,0,255,0,512,0,48
722,B25:B09,B25,B09,085234AC,339,085234BC,1,0852241C,255,1,1040,256,0,0
723,B26:B1A,B26,B1A,08523534,340,08523554,0,08522E2C,255,0,0,256,0,0
724,B26:B1B,B26,B1B,08523544,340,08523554,1,08522ED4,255,1,0,0,0,0
725,B27:B20,B27,B20,085235C4,341,085235D4,0,0852320C,255,0,0,0,0,65488