{
  "all_locations": [
    "Puzzle Solved Gears",
    "Puzzle Solved Stone Henge",
    "Puzzle Solved Workshop Drawers",
    "Puzzle Solved Library Statue",
    "Puzzle Solved Theater Door",
    "Puzzle Solved Geoffrey Door",
    "Puzzle Solved Clock Chains",
    "Puzzle Solved Atlantist",
    "Puzzle Solved Organ",
    "Puzzle Solved Maze Door",
    "Puzzle Solved Columns of RA",
    "Puzzle Solved Burial Door",
    "Puzzle Solved Chinese Solitaire",
    "Puzzle Solved Tiki Drums",
    "Puzzle Solved Lyre",
    "Puzzle Solved Red Door",
    "Puzzle Solved Fortune Teller Door",
    "Puzzle Solved Alchemy",
    "Puzzle Solved UFO Symbols",
    "Puzzle Solved Anansi Musicbox",
    "Puzzle Solved Gallows",
    "Puzzle Solved Mastermind",
    "Puzzle Solved Marble Flipper",
    "Flashback Memory Obtained Beth's Ghost",
    "Flashback Memory Obtained Merrick's Ghost",
    "Flashback Memory Obtained Windlenot's Ghost",
    "Flashback Memory Obtained Ancient Astrology",
    "Flashback Memory Obtained Scrapbook",
    "Flashback Memory Obtained Museum Brochure",
    "Flashback Memory Obtained In Search of the Unexplained",
    "Flashback Memory Obtained Egyptian Hieroglyphics Explained",
    "Flashback Memory Obtained South American Pictographs",
    "Flashback Memory Obtained Mythology of the Stars",
    "Flashback Memory Obtained Black Book",
    "Flashback Memory Obtained Theater Movie",
    "Flashback Memory Obtained Museum Blueprints",
    "Flashback Memory Obtained Beth's Address Book",
    "Flashback Memory Obtained Merick's Notebook",
    "Flashback Memory Obtained Professor Windlenot's Diary",
    "Ixupi Captured Water",
    "Ixupi Captured Wax",
    "Ixupi Captured Ash",
    "Ixupi Captured Oil",
    "Ixupi Captured Cloth",
    "Ixupi Captured Wood",
    "Ixupi Captured Crystal",
    "Ixupi Captured Sand",
    "Ixupi Captured Metal"
  ],
  "locations_by_region": {
    "Outside": [
      "Puzzle Solved Gears",
      "Puzzle Solved Stone Henge",
      "Ixupi Captured Water",
      "Ixupi Captured Wax",
      "Ixupi Captured Ash",
      "Ixupi Captured Oil",
      "Ixupi Captured Cloth",
      "Ixupi Captured Wood",
      "Ixupi Captured Crystal",
      "Ixupi Captured Sand",
      "Ixupi Captured Metal"
    ],
    "Underground Lake": [
      "Flashback Memory Obtained Windlenot's Ghost",
      "Flashback Memory Obtained Egyptian Hieroglyphics Explained"
    ],
    "Office": [
      "Flashback Memory Obtained Scrapbook",
      "Accessible: Storage: Desk Drawer"
    ],
    "Workshop": [
      "Puzzle Solved Workshop Drawers",
      "Accessible: Storage: Workshop Drawers"
    ],
    "Bedroom": [
      "Flashback Memory Obtained Professor Windlenot's Diary"
    ],
    "Library": [
      "Puzzle Solved Library Statue",
      "Flashback Memory Obtained In Search of the Unexplained",
      "Flashback Memory Obtained South American Pictographs",
      "Flashback Memory Obtained Mythology of the Stars",
      "Flashback Memory Obtained Black Book",
      "Accessible: Storage: Library Cabinet",
      "Accessible: Storage: Library Statue"
    ],
    "Maintenance Tunnels": [
      "Flashback Memory Obtained Beth's Address Book"
    ],
    "Lobby": [
      "Puzzle Solved Theater Door",
      "Flashback Memory Obtained Museum Brochure",
      "Accessible: Storage: Slide",
      "Accessible: Storage: Eagles Head"
    ],
    "Theater Back Hallways": [
      "Puzzle Solved Geoffrey Door"
    ],
    "Clock Tower Staircase": [
      "Puzzle Solved Clock Chains"
    ],
    "Clock Tower": [
      "Flashback Memory Obtained Beth's Ghost",
      "Accessible: Storage: Clock Tower"
    ],
    "Projector Room": [
      "Flashback Memory Obtained Theater Movie"
    ],
    "Ocean": [
      "Puzzle Solved Atlantist",
      "Puzzle Solved Organ",
      "Flashback Memory Obtained Museum Blueprints",
      "Accessible: Storage: Ocean"
    ],
    "Maze Staircase": [
      "Puzzle Solved Maze Door"
    ],
    "Egypt": [
      "Puzzle Solved Columns of RA",
      "Puzzle Solved Burial Door",
      "Accessible: Storage: Egypt"
    ],
    "Burial": [
      "Puzzle Solved Chinese Solitaire",
      "Flashback Memory Obtained Merick's Notebook",
      "Accessible: Storage: Chinese Solitaire"
    ],
    "Tiki": [
      "Puzzle Solved Tiki Drums",
      "Accessible: Storage: Tiki Hut"
    ],
    "Gods Room": [
      "Puzzle Solved Lyre",
      "Puzzle Solved Red Door",
      "Accessible: Storage: Lyre"
    ],
    "Blue Maze": [
      "Puzzle Solved Fortune Teller Door"
    ],
    "Fortune Teller": [
      "Flashback Memory Obtained Merrick's Ghost"
    ],
    "Inventions": [
      "Puzzle Solved Alchemy",
      "Accessible: Storage: Alchemy"
    ],
    "UFO": [
      "Puzzle Solved UFO Symbols",
      "Accessible: Storage: UFO"
    ],
    "Anansi": [
      "Puzzle Solved Anansi Musicbox",
      "Flashback Memory Obtained Ancient Astrology",
      "Accessible: Storage: Skeleton",
      "Accessible: Storage: Anansi"
    ],
    "Torture": [
      "Puzzle Solved Gallows",
      "Accessible: Storage: Hanging"
    ],
    "Puzzle Room Mastermind": [
      "Puzzle Solved Mastermind"
    ],
    "Puzzle Room Marbles": [
      "Puzzle Solved Marble Flipper"
    ],
    "Prehistoric": [
      "Accessible: Storage: Eagles Nest"
    ],
    "Tar River": [
      "Accessible: Storage: Tar River"
    ],
    "Theater": [
      "Accessible: Storage: Theater"
    ],
    "Plants": [
      "Accessible: Storage: Greenhouse"
    ],
    "Janitor Closet": [
      "Accessible: Storage: Janitor Closet"
    ],
    "Skull Dial Bridge": [
      "Accessible: Storage: Skull Bridge"
    ]
  },
  "future locations": [
    "Puzzle Solved Skull Dial",
    "Puzzle Solved Final Riddle",
    "Ixupi Captured Lightning"
  ]
}   